{"count":133,"results":[{"id":1,"name":"Introduction Challenge","description":"Aloha and Mahalo for participating in CyberStrike, hosted by Cyber \u2018Ike. \r\n\r\nThere are various challenges created in several Cybersecurity related categories to test your skills and knowledge. You will notice that there are some challenges that look like the picture below:\r\n![Requirements.png](/files/3ca046f68e810dc32f2d9236701ec2e9/IntroductionChallenge_Requirements.png)\r\n\r\nPlease do not be alarmed as these challenges are not available until you have solved a pre-requisite challenge. \r\n\r\nAs you go on to solve the challenges, you will figure out that the flags aren't obvious like typical CTFs as they don't have any distinguish features to identify them.\r\n\r\n*Please note, that when submitting the answer to the flag, you will need to make sure \"**CI{}**\" is in the answer. This is regardless for any type or difficulty of challenges.*\r\n\r\nIn order to make this CTF easier, all flags are case insensitive and doesn't require you to have exactly the correct capital letters in the flag.\r\n\r\nIf you get stuck on a challenge, you can either move onto another challenge and come back to it later or check out the hints available for the challenge. Some hints cost 0 points, while some hints will cost you some points to unlock. The more hints you use, the less points you will be awarded for solving the challenge. \r\n\r\nYou are now ready to start the CyberStrike Competition! To complete this Introduction challenge, the flag to continue is \"**CI{I_Always_The_Introduction_If_I_Dont_Understand_I_Fail}**\"","max_attempts":0,"value":5,"category":"Introduction Challenge","type":"standard","state":"visible","requirements":null,"connection_info":null,"next_id":null},{"id":2,"name":"Not a really good encoder","description":"Given the code below, what password will grant access?\r\n\r\ndef access_granted(password):\r\n    secret_message = \"You have successfully gained access!\"\r\n    if password.encode('utf-8').hex() == '4261736963486578436f6e76657273696f6e':\r\n        print(secret_message)\r\n    else:\r\n        print(\"Sorry, access denied.\")\r\n\r\nif __name__ == \"__main__\":\r\n    password = input(\"Enter the password to gain access: \")\r\n    access_granted(password)","max_attempts":0,"value":10,"category":"Binary Exploitation","type":"standard","state":"visible","requirements":null,"connection_info":null,"next_id":null},{"id":3,"name":"Boop Boop Me Overload","description":"You are given the file \"binexp.c\" a C code that has a \"mistake\" in the code that allows for a buffer overflow vulnerability when compiled and run. What is the number of bytes that **Line 6** is taking in?\r\n\r\n[binexp.c](https://cyber-ike.github.io/csdev-site/challenges/boopboopmeoverload/binexp.c)","max_attempts":0,"value":10,"category":"Binary Exploitation","type":"standard","state":"visible","requirements":null,"connection_info":null,"next_id":null},{"id":4,"name":"TextMex","description":"A plaintext string was encoded and the output that you received is:\r\n426173696348657861646563696D616C\r\n\r\nDecode the output for the flag.","max_attempts":0,"value":10,"category":"Cryptography","type":"standard","state":"visible","requirements":null,"connection_info":null,"next_id":null},{"id":5,"name":"TextBin","description":"A plaintext string was encoded and the output that you received is:\r\n0100100101011111011000010110110101011111010000100110100101101110011000010111001001111001\r\n\r\nDecode the output for the flag.","max_attempts":0,"value":10,"category":"Cryptography","type":"standard","state":"visible","requirements":null,"connection_info":null,"next_id":null},{"id":6,"name":"I like to rotate couple and a few times","description":"You are given this basic encrypted string:\r\n7579\r\n\r\nThis doesn't make sense to you at all since it's just some numbers *shifted*. In history class, you learned about **Julius Caesar** and how great he was. ","max_attempts":0,"value":10,"category":"Cryptography","type":"standard","state":"visible","requirements":null,"connection_info":null,"next_id":null},{"id":7,"name":"Around an unlucky number","description":"The pain continues and you are given this encoded string:\r\nvfag ebg13 gur ORFG!\r\n\r\nThat looks like gibberish coming from an orge! Figure out the plaintext to understand what the orge was saying. This is madness.","max_attempts":0,"value":10,"category":"Cryptography","type":"standard","state":"visible","requirements":null,"connection_info":null,"next_id":null},{"id":8,"name":"Having buddies are the best","description":"This challenge is split into two parts. For the first part, you are given this encoded string:\r\n124 150 145 40 141 144 155 151 156 163 40 146 157 162 40 103 171 142 145 162 123 164 162 151 153 145 40 155 165 163 164 40 142 145 40 166 145 162 171 40 166 145 162 171 40 144 151 163 147 162 165 156 164 154 145 144 40 160 145 157 160 154 145 40 167 150 157 40 162 157 164 141 164 145 40 64 67 40 164 151 155 145 163 56\r\n\r\nYikes, that is a lot of random numbers. Figure out the encoding used and decode it back to text for the flag.","max_attempts":0,"value":10,"category":"Cryptography","type":"standard","state":"visible","requirements":null,"connection_info":null,"next_id":null},{"id":9,"name":"Having buddies are the best 2","description":"So now you have the plaintext string of:\r\nThe admins for CyberStrike must be very very disgruntled people who rotate 47 times.\r\n\r\nNow you have to figure out what was the cipher used and encode it with that cipher for the flag. ","max_attempts":0,"value":10,"category":"Cryptography","type":"standard","state":"visible","requirements":{"prerequisites":[8]},"connection_info":null,"next_id":null},{"id":10,"name":"Do robots have souls","description":"You've been trying to answer the question of *Do robots have souls?* and are awaiting for an answer from a trusted source. After waiting for several days, you receive a transmission on your telegraph and wrote down:\r\n\r\n**.-- . .- .-. . --. .... --- ... - ...**\r\n\r\nDecode the message.","max_attempts":0,"value":10,"category":"Cryptography","type":"standard","state":"visible","requirements":null,"connection_info":null,"next_id":null},{"id":11,"name":"Does AI celebrate Friday the 13th","description":"You want to send your friend this message:\r\n\r\nYou dressing up as Jason Voorhees bruh?\r\n\r\nBut you don't want anyone to intercept it and see the contents. So you decide to encode it with a well known but basic cipher. Encode the text and submit it as the flag.","max_attempts":0,"value":5,"category":"Cryptography","type":"standard","state":"visible","requirements":null,"connection_info":null,"next_id":null},{"id":12,"name":"Who am I","description":"You are given this hash:\r\n40a56524356f19c9e439c11b4a19c27c0e67f2cf079220fb3b51a47e50494a28\r\n\r\nIdentify the hash for the flag.","max_attempts":0,"value":5,"category":"Cryptography","type":"standard","state":"visible","requirements":null,"connection_info":null,"next_id":null},{"id":13,"name":"Bumps and Boops","description":"You are a tourist somewhere in the world (wherever you want to be I guess). You see the following all over the popular touristy areas:\r\n\r\n\u2803\u2817\u2801\u280a\u2807\u2807\u2811\u2800\u280a\u280e\u2800\u282e\u2800\u2803\u2811\u280c\r\n\r\nFind out the encryption, decrypt it for the flag.","max_attempts":0,"value":5,"category":"Cryptography","type":"standard","state":"visible","requirements":null,"connection_info":null,"next_id":null},{"id":14,"name":"Reality is a thing of the past","description":"We've found more text messages being sent between Synthients on the Mnemosyne. Can you decode it? Someone was muttering something about **columns** and a **KEY**.\r\n\r\nyb\u2423a\u2423\u2423ued\u2423\u2423aetonyi?cbsNefnsei\u2423tei\u2423tcusCCh'GeCe:e\u2423\u2423\u2423a\u2423ttsae.Ce:k,oodidohgitertnOae\u2423p\u2423u\u2423mhgnrtgi\u2423ln\u2423{pr\u2423m\u2423beHeeogni\u2423imnsbeOysy\u2423cetcn\u2423\u2423\u2423cpo\u2423tl:o,odotniesnwhom!Iyesa}yb\u2423rwgaiwhh\u2423ds","max_attempts":0,"value":5,"category":"Cryptography","type":"standard","state":"visible","requirements":null,"connection_info":null,"next_id":null},{"id":15,"name":"I can't believe it's not Bacon","description":"Feel free to mess around with some different kinds of encryption methods on cyberchef. \r\n\r\nHint: Search encode or decode\r\n\r\nYou are given the following encoded text:\r\n> aaaab aaaaa aaaba abbab abbaa baaab aaaba abaaa abbba aabbb aabaa baaaa ","max_attempts":0,"value":5,"category":"Cryptography","type":"standard","state":"visible","requirements":null,"connection_info":null,"next_id":null},{"id":16,"name":"I need that blue shell bro","description":"You open a file and see the following script:\r\n\r\n\r\n$stringAsStream = [System.IO.MemoryStream]::new()\r\n$writer = [System.IO.StreamWriter]::new($stringAsStream)\r\n$writer.write(\"PowerShell is the best scripting language for Windows by facts!\")\r\n$writer.Flush()\r\n$stringAsStream.Position = 0\r\nGet-FileHash -InputStream $stringAsStream | Select Hash\r\n\r\nWhat hashing algorithm is used by the script?\r\n\r\n*Flag format: CI{NameOfAlgorithm}*","max_attempts":0,"value":10,"category":"Cryptography","type":"standard","state":"visible","requirements":null,"connection_info":null,"next_id":null},{"id":17,"name":"What do they mean (sad face)","description":"You decided to wire up your headphones into the telephone lines and one day you hear a bunch of beeps and boops. Find out what kind of encryption the file is showing and decrypt it.\r\n\r\n[Document File](https://cyber-ike.github.io/csdev-site/challenges/whatdotheymean/Too_many_beeps_and_too_many_boops_but_what_do_they_mean.docx)","max_attempts":0,"value":5,"category":"Cryptography","type":"standard","state":"visible","requirements":null,"connection_info":null,"next_id":null},{"id":18,"name":"jedi_council_official is live","description":"We got this **R**eally **C**ool hex string from the Council.  Not sure why, but all they told us \" *jedi* is just a **4** letter word\".  What does that mean?\r\n\r\n22e28b8d6bcf3339862da9081a68c1b359b80e933abb316be9189dd3c0267c2111da698ab2a4674b0455521fccd4","max_attempts":0,"value":5,"category":"Cryptography","type":"standard","state":"visible","requirements":null,"connection_info":null,"next_id":null},{"id":19,"name":"Basic Input","description":"We extracted some code from an Imperial probe droid. Can you find the message needed to be sent? We narrowed it down to 12 characters.\r\n\r\nFlag will be CI{Message}\r\n\r\n[basicSensor is a Linux 64bit executible](https://cyber-ike.github.io/csdev-site/challenges/basic_input/basicSensor)\r\n\r\n[basicSensor.exe is a Windows 64bit executible ](https://cyber-ike.github.io/csdev-site/challenges/basic_input/basicSensor.exe)","max_attempts":0,"value":10,"category":"Binary Exploitation","type":"standard","state":"visible","requirements":null,"connection_info":null,"next_id":null},{"id":20,"name":"Armored Snake","description":"We found this zipfile containing a Python script obfuscated with PyArmor.  Can you figure out what its doing and extract the flag from it?\r\n\r\n[challenge.zip](https://cyber-ike.github.io/csdev-site/challenges/armored_snake/challenge.zip)","max_attempts":0,"value":20,"category":"Binary Exploitation","type":"standard","state":"visible","requirements":null,"connection_info":null,"next_id":null},{"id":21,"name":"The dude who created this challenge was brutal for sure","description":"Welcome to the Binary Challenge!\r\n\r\nYour objective is to find the flag hidden within the binary file provided. The flag is an XOR encoded string that will be printed to the console if the correct password is entered.\r\n\r\nTo complete the challenge, you will need to reverse engineer the binary, find the correct password, and decode the string. The password is a string that is hidden somewhere within the binary file.\r\n\r\nBe sure the keep note of the flag as it may be used in another challenge.\r\n\r\nGood luck!\r\n\r\n[binary_challenge](https://cyber-ike.github.io/csdev-site/challenges/brutal_challenge/binary_challenge)\r\n\r\n[xordecode.py](https://cyber-ike.github.io/csdev-site/challenges/brutal_challenge/xordecode.py)\r\n\r\n[00.reverseandhexdecode.py](https://cyber-ike.github.io/csdev-site/challenges/brutal_challenge/00.reverseandhexdecode.py)\r\n\r\n[01.reversehex.py](https://cyber-ike.github.io/csdev-site/challenges/brutal_challenge/01.reversehex.py)\r\n\r\n[02.hexdecode.py](https://cyber-ike.github.io/csdev-site/challenges/brutal_challenge/02.hexdecode.py)","max_attempts":0,"value":25,"category":"Binary Exploitation","type":"standard","state":"visible","requirements":null,"connection_info":null,"next_id":null},{"id":22,"name":"Wanted 1","description":"We found a series of wanted posters for this individual. For an unknown reason, it has spread rapidly online.\r\n\r\n[Matrix1-Wanted1.pdf](https://cyber-ike.github.io/csdev-site/challenges/matrix_wanted/Matrix1-Wanted1.pdf)","max_attempts":0,"value":5,"category":"Forensics","type":"standard","state":"visible","requirements":null,"connection_info":null,"next_id":null},{"id":23,"name":"Wanted 2","description":"We have been removing the first wanted poster for propoganda. However, we have been notified of an issue with our latest poster of the newest individual. Agent Smith is requesting further review of this file.\r\n\r\n[Matrix1-Wanted2.pdf](https://cyber-ike.github.io/csdev-site/challenges/matrix_wanted/Matrix1-Wanted2.pdf)","max_attempts":0,"value":15,"category":"Forensics","type":"standard","state":"visible","requirements":null,"connection_info":null,"next_id":null},{"id":24,"name":"Image Recovery ","description":"We've recoved a file from a destroyed binoculars. Could you recover the image?\r\n\r\n[recover01.txt](https://cyber-ike.github.io/csdev-site/challenges/forensics/recover01.txt)","max_attempts":0,"value":5,"category":"Forensics","type":"standard","state":"visible","requirements":null,"connection_info":null,"next_id":null},{"id":25,"name":"Instructions unclear sighhhhhh","description":"Neo's computer was corrupted and we recovered some files. But the instructions manual for Modal was recovered in some unknown format, it should have been a document. Can you fix it?\r\n\r\n[User_Manual_for_Modal.zip](https://cyber-ike.github.io/csdev-site/challenges/forensics/User_Manual_for_Modal.zip)","max_attempts":0,"value":5,"category":"Forensics","type":"standard","state":"visible","requirements":null,"connection_info":null,"next_id":null},{"id":26,"name":"Sweet geisha beep b00p data","description":"Major has captured that geisha bot and is trying to extract that sweet sweet data. Find the packet that contains the flag.\r\n\r\n[captured_target.pcap](https://cyber-ike.github.io/csdev-site/challenges/forensics/captured_target.pcap)","max_attempts":0,"value":5,"category":"Forensics","type":"standard","state":"visible","requirements":null,"connection_info":null,"next_id":null},{"id":27,"name":"Major touched that geisha bot...not me","description":"Major has captured a geisha bot that was compromised. They are trying to extract sensitive data to gain a clue in the case. Find the packet that contains the flag of the cerebral hack. What is the name of the attack used?\r\n\r\n[captured_major.pcap](https://cyber-ike.github.io/csdev-site/challenges/forensics/captured_major.pcap)","max_attempts":0,"value":5,"category":"Forensics","type":"standard","state":"visible","requirements":null,"connection_info":null,"next_id":null},{"id":28,"name":"I went to prison and all I got was this lousy sweater","description":"You are attempting to break out of Oovo 4 and need the password to the security terminal that controls all the locks. You one day was shoulder surfing the Storm Trooper and was able to obtain the username. However the password remains a mystery but you know that the Storm Trooper always opens a file to obtain parts of the password. Download and unpack the zip file to start searching for the flag. It has been split into 2 parts so find both parts and combine them to submit the flag. \r\n\r\n*Flag format: CI{Part1+Part2}*\r\n\r\n[YodaIsNotYoda.zip](https://cyber-ike.github.io/csdev-site/challenges/forensics/YodaIsNotYoda.zip)","max_attempts":0,"value":10,"category":"Forensics","type":"standard","state":"visible","requirements":null,"connection_info":null,"next_id":null},{"id":29,"name":"Did I hear aliens","description":"We recovered this audio file and it seems corrupted. Can you find the hidden message?\r\n\r\n[AlienNoise.wav](https://cyber-ike.github.io/csdev-site/challenges/forensics/AlienNoise.wav)","max_attempts":0,"value":5,"category":"Forensics","type":"standard","state":"visible","requirements":null,"connection_info":null,"next_id":null},{"id":30,"name":"It's not what it looks like...","description":"Your friend has sent you a file called \"Private.zip\", you download it and can't seem to open it. You think it's corrupted but you know for sure that can't be the case. Sometimes things may not seem to be what it looks like....\r\n\r\n[SuperSusStuff.tar.gzip](https://cyber-ike.github.io/csdev-site/challenges/forensics/SuperSusStuff.tar.gzip)","max_attempts":0,"value":5,"category":"Forensics","type":"standard","state":"visible","requirements":null,"connection_info":null,"next_id":null},{"id":31,"name":"Interrogation","description":"Mr. Anderson has been a person of interest for us. We were able to record the beginning of the 'interview' with an Agent Smith. One of our members dissapeared after hearing this.\r\n\r\n[Matrix_1_-_Interrogation.wav](https://cyber-ike.github.io/csdev-site/challenges/forensics/Matrix_1_-_Interrogation.wav)","max_attempts":0,"value":5,"category":"Forensics","type":"standard","state":"visible","requirements":null,"connection_info":null,"next_id":null},{"id":32,"name":"Recording","description":"We've picked up an odd frequency sound that was recorded. Another one of our members are missing now.\r\n\r\n[UnknownSound.wav](https://cyber-ike.github.io/csdev-site/challenges/forensics/UnknownSound.wav)","max_attempts":0,"value":10,"category":"Forensics","type":"standard","state":"visible","requirements":null,"connection_info":null,"next_id":null},{"id":33,"name":"New Sequence","description":"We've found a new DNA sequence, but the image has been corrupted. Can you fix it?\r\n\r\n[NewSequence.jpg](https://cyber-ike.github.io/csdev-site/challenges/forensics/NewSequence.jpg)","max_attempts":0,"value":5,"category":"Forensics","type":"standard","state":"visible","requirements":null,"connection_info":null,"next_id":null},{"id":34,"name":"Codes","description":"We've found various code stickers placed everywhere since Thomas released the video game series, but it does not make sense when scanned. Can you find out what it is?\r\n\r\n[ScanCode.png](https://cyber-ike.github.io/csdev-site/challenges/forensics/ScanCode.png)","max_attempts":0,"value":5,"category":"Forensics","type":"standard","state":"visible","requirements":null,"connection_info":null,"next_id":null},{"id":35,"name":"The flag was in here","description":"What is the flag?\r\n\r\n(Include Spaces)\r\n\r\n[OpenCredentials.pcap](https://cyber-ike.github.io/csdev-site/challenges/nta/OpenCredentials.pcap)","max_attempts":0,"value":5,"category":"Network Traffic Analysis","type":"standard","state":"visible","requirements":null,"connection_info":null,"next_id":null},{"id":36,"name":"Are my credentials even protected","description":"A user was able to gain access to a password protected page. We found the PCAP on his workstation. \r\nWhat is the username and password for the user who sucessfully accessed  the protected portion of the site?\r\n\r\nFormat **username*:*password**\r\n\r\n[OpenCredentials.pcap](https://cyber-ike.github.io/csdev-site/challenges/nta/OpenCredentials.pcap)","max_attempts":0,"value":5,"category":"Network Traffic Analysis","type":"standard","state":"visible","requirements":null,"connection_info":null,"next_id":null},{"id":37,"name":"What was that URI to the page again","description":"What is the full URI for the protected page?\r\n\r\n[OpenCredentials.pcap](https://cyber-ike.github.io/csdev-site/challenges/nta/OpenCredentials.pcap)","max_attempts":0,"value":5,"category":"Network Traffic Analysis","type":"standard","state":"visible","requirements":null,"connection_info":null,"next_id":null},{"id":38,"name":"Can You Keep This a Super Secret","description":"A malicious user was detected capturing network traffic by our Security Operations Center team. What were the contents of the file transferred.\r\n\r\n[TrafficCapture1.pcapng](https://cyber-ike.github.io/csdev-site/challenges/nta/TrafficCapture1.pcapng)","max_attempts":0,"value":10,"category":"Network Traffic Analysis","type":"standard","state":"visible","requirements":null,"connection_info":null,"next_id":null},{"id":39,"name":"For The Pwn","description":"An evil hacker managed to access one of our sensitive file servers!  We were able to capture a PCAP of their activity.  Can you figure out what they stole?  (I hope it wasn't anything important...)\r\n\r\n[traffic.pcapng](https://cyber-ike.github.io/csdev-site/challenges/nta/traffic.pcapng)","max_attempts":0,"value":10,"category":"Network Traffic Analysis","type":"standard","state":"visible","requirements":null,"connection_info":null,"next_id":null},{"id":40,"name":"A New Ping","description":"The Galactic Empire SOC detected some disturbing traffic in the network.  We suspect the Rebels used this [tool](https://github.com/Gurpreet06/ICMP-Data-Exfiltration) to steal an important file from our file share.  Can you figure out what was stolen?\r\n\r\n[traffic_capture.pcap](https://cyber-ike.github.io/csdev-site/challenges/nta/traffic_capture.pcap)","max_attempts":0,"value":20,"category":"Network Traffic Analysis","type":"standard","state":"visible","requirements":null,"connection_info":null,"next_id":null},{"id":41,"name":"Check Out That DNS","description":"Intel states that a flag was exfiled from the network. Our SIEM was able to capture the traffic from the infected system. What information was exfiltrated?\r\n\r\n[NetTraffic.pcapng](https://cyber-ike.github.io/csdev-site/challenges/nta/NetTraffic.pcapng)","max_attempts":0,"value":5,"category":"Network Traffic Analysis","type":"standard","state":"visible","requirements":null,"connection_info":null,"next_id":null},{"id":42,"name":"Check Out That DNS 2 - Electric Boogaloo","description":"To verify the integrity of the files exfiltrated. What is the hash value (MD5) for the file?\r\n\r\n*Use the same file from Check Out That DNS!*\r\n\r\n[NetTraffic.pcapng](https://cyber-ike.github.io/csdev-site/challenges/nta/NetTraffic.pcapng)","max_attempts":0,"value":10,"category":"Network Traffic Analysis","type":"standard","state":"visible","requirements":null,"connection_info":null,"next_id":null},{"id":43,"name":"Tables and Encoding","description":"A friend made a prgram to store passwords for their accounts. Unfortunately they lost the program that used it, but found the database.\r\n\r\nCan you recover the contents? She wants to know her Zoom username and password for an upcoming meeting.\r\n\r\n\r\nFlag format is CI{username:password}\r\n\r\n\r\n[storage.db](https://cyber-ike.github.io/csdev-site/challenges/tables_and_encoding/storage.db)","max_attempts":0,"value":20,"category":"Digital Forensics","type":"standard","state":"visible","requirements":null,"connection_info":null,"next_id":null},{"id":44,"name":"Locations 1","description":"Lets get started with some basics\r\n\r\nYou were given these coordinates:\r\n21\u00b018'31.5\"N 157\u00b039'03.5\"W\r\n\r\nWhat is the full proper name of this place?","max_attempts":0,"value":5,"category":"OSINT","type":"standard","state":"visible","requirements":null,"connection_info":null,"next_id":null},{"id":45,"name":"Locations 2","description":"Given this image, what is my full proper name?\r\n\r\n[locations3jpg](https://cyber-ike.github.io/csdev-site/challenges/locations/locations3jpg)","max_attempts":0,"value":5,"category":"OSINT","type":"standard","state":"visible","requirements":null,"connection_info":null,"next_id":null},{"id":46,"name":"Locations 3","description":"Given the image, what is my full proper name?\r\n\r\n[locations4.jpg](https://cyber-ike.github.io/csdev-site/challenges/locations/locations4.jpg)","max_attempts":0,"value":5,"category":"OSINT","type":"standard","state":"visible","requirements":null,"connection_info":null,"next_id":null},{"id":47,"name":"Locations 4","description":"You picked up this encoded message:\r\n\r\n70131 87322 19430 96355 99753 54184 25210 78313 27662 54145 21497 58971 90754 51973 39986 30821 46027\r\n\r\n100 **mod** 3\r\n\r\nDecode the message and then decode the output of that.","max_attempts":0,"value":10,"category":"OSINT","type":"standard","state":"visible","requirements":null,"connection_info":null,"next_id":null},{"id":48,"name":"Locations 5","description":"The flag is the hash algorithm of:\r\n\r\n98daebb5587dd4fce2bc075e46f0696a","max_attempts":0,"value":5,"category":"OSINT","type":"standard","state":"visible","requirements":null,"connection_info":null,"next_id":null},{"id":49,"name":"Locations 6","description":"Read up on the [Mexican Army Cipher Wheel](https://www.dcode.fr/mexican-army-cipher-wheel), and solve the cipher below. \r\n\r\n3456425360809743012968075153\r\n\r\nThen a really random message below is given as a hint:\r\n\r\nThis open task will take some time.","max_attempts":0,"value":10,"category":"OSINT","type":"standard","state":"visible","requirements":null,"connection_info":null,"next_id":null},{"id":50,"name":"Locations 7","description":"We received this message but it seems to be broken? Could you help us identify the cipher used and then decode it?\r\n\r\nC1A1N1Y1O1U1S1T1O1P1W1I1T1H1T1H1I1S1N1O1N1S1E1N1S1E1","max_attempts":0,"value":5,"category":"OSINT","type":"standard","state":"visible","requirements":null,"connection_info":null,"next_id":null},{"id":51,"name":"War Games Locations","description":"In the movie \"WarGames\", Dr. Falken lives on an island called \"Goose Island\". What is the actual island called in real life?","max_attempts":0,"value":5,"category":"OSINT","type":"standard","state":"visible","requirements":null,"connection_info":null,"next_id":null},{"id":52,"name":"What is this trivia","description":"In the movie *Ghost in the Shell (2017)*  who is the actor or actress that plays the character **The Major**?","max_attempts":0,"value":5,"category":"OSINT","type":"standard","state":"visible","requirements":null,"connection_info":null,"next_id":null},{"id":53,"name":"What is this trivia 2","description":"What is the name of the movie that is based off a popular *Cyberpunk* manga and anime that is set in the future of human augmentation?","max_attempts":0,"value":5,"category":"OSINT","type":"standard","state":"visible","requirements":null,"connection_info":null,"next_id":null},{"id":54,"name":"What is this trivia 3","description":"In the movie *Ghost in the Shell*, what is the **name of the corporation** that produces AI robotics?","max_attempts":0,"value":5,"category":"OSINT","type":"standard","state":"visible","requirements":null,"connection_info":null,"next_id":null},{"id":55,"name":"What is this trivia 4","description":"In the movie *Ghost in the Shell*,  who is the character that has **eye augmentation** performed on them?","max_attempts":0,"value":5,"category":"OSINT","type":"standard","state":"visible","requirements":null,"connection_info":null,"next_id":null},{"id":56,"name":"I can't believe it's not Meta","description":"One day, you ask your IT coworker to send you a temporary password since you forgot your credentials for your work account. He decides to send it over to you through your personal email. In the email you only just receive the attached image file and nothing else. \r\n\r\nYou scratch your head, wondering what the heck? Find the hidden flag.","max_attempts":0,"value":5,"category":"OSINT","type":"standard","state":"visible","requirements":null,"connection_info":null,"next_id":null},{"id":57,"name":"Re-born","description":"When was the movie *Ghost in the Shell (2017)* released?\r\n(Use the MM/DD/YYYY format)","max_attempts":0,"value":5,"category":"OSINT","type":"standard","state":"visible","requirements":null,"connection_info":null,"next_id":null},{"id":58,"name":"We are on DEFCON sir maam idk what to call you","description":"What is our current DEFCON level in 2024?\r\n\r\n*Note: Please submit the numeric number encased in CI{DEFCON#}*","max_attempts":0,"value":5,"category":"OSINT","type":"standard","state":"visible","requirements":null,"connection_info":null,"next_id":null},{"id":59,"name":"Git is knowledge","description":"There is a easy flag hidden somewhere on the web. You are given this riddle:\r\n\r\n*People use to just git me for their files but I'm now a hub to just files now. Gotta commit it all*","max_attempts":0,"value":5,"category":"OSINT","type":"standard","state":"visible","requirements":null,"connection_info":null,"next_id":null},{"id":60,"name":"Now what was it again","description":"The previous administrator left and didn't save their passwords in the password container. The new administrator was able to recover the configuration file.\r\n\r\nCan you unlock the password?\r\n\r\n[RouterConfig](https://cyber-ike.github.io/csdev-site/challenges/passwordcracking/RouterConfig)","max_attempts":0,"value":5,"category":"Password Cracking","type":"standard","state":"visible","requirements":null,"connection_info":null,"next_id":null},{"id":61,"name":"What the heck was the password again","description":"The previous network administrator left the organization and did not save their password in the company's password vault. The new network administrator was able to recover the router's configuration file. \r\n\r\nCan you help unlock the user's password?\r\n\r\n[RouterConfig](https://cyber-ike.github.io/csdev-site/challenges/passwordcracking/RouterConfig)","max_attempts":0,"value":5,"category":"Password Cracking","type":"standard","state":"visible","requirements":null,"connection_info":null,"next_id":null},{"id":62,"name":"He had breathing problems for sure","description":"The domain administrator encrypted their computer and we need to recover their data. The plaintext password must be recovered from the recovered hashes below:\r\n\r\nHash1: 1F7F94C6CB4E348246D8901C9D5B9449\r\nHash2: E29EF4BEB480EAB906FFA7C05AEEC23D\r\n\r\nFlag is CI{Hash1+Hash2} once you decoded both hashes.","max_attempts":0,"value":5,"category":"Password Cracking","type":"standard","state":"visible","requirements":null,"connection_info":null,"next_id":null},{"id":63,"name":"Tables and Hashes","description":"Your friend was happy to show you their new database that stores passwords for them. They like numbers at the end of word.\r\n\r\nThey want to see if you can find their Gmail password.\r\n\r\nFlag format is CI{password}\r\n\r\n[database.db](https://cyber-ike.github.io/csdev-site/challenges/passwordcracking/database.db)","max_attempts":0,"value":10,"category":"Password Cracking","type":"standard","state":"visible","requirements":null,"connection_info":null,"next_id":null},{"id":64,"name":"Tables and Hashes v2","description":"Your friend figured out that MD5 hahes wasn't the greatest and changed it. They have been rewatching the Rogue One movie recently.\r\n\r\nThey want to see if you can find their Reddit password.\r\n\r\nFlag format is CI{password}\r\n\r\n[database.db](https://cyber-ike.github.io/csdev-site/challenges/passwordcracking/database.db)","max_attempts":0,"value":20,"category":"Password Cracking","type":"standard","state":"visible","requirements":null,"connection_info":null,"next_id":null},{"id":65,"name":"Look the Sky","description":"A user encrypted a file on their computer. To recover the data within the file, we need to figure out the plaintext password from this hash.\r\n\r\nThe user is an avid stargazer and loves pairs. Password is over 20 characters in length\r\n\r\nHash: 0d04ec395db98cddfc5f3c66ca1576d3e9def967\r\n\r\n","max_attempts":0,"value":20,"category":"Password Cracking","type":"standard","state":"visible","requirements":null,"connection_info":null,"next_id":null},{"id":66,"name":"NORAD, you so funny","description":"You are at NORAD and want to play a small joke on their social media account. You find a file called \"script.txt\", and you open it to find some variables that looks like it contains credentials for something. \r\n\r\nWhat is the password to the account?\r\n\r\n[script.txt](https://cyber-ike.github.io/csdev-site/challenges/passwordcracking/script.txt)","max_attempts":0,"value":5,"category":"Password Cracking","type":"standard","state":"visible","requirements":null,"connection_info":null,"next_id":null},{"id":67,"name":"NORAD, you so funny 2","description":"You are at NORAD and want to play a small joke on their social media account. You find a file called \"script.txt\", and you open it to find some variables that looks like it contains credentials for something. \r\n\r\nWhat is the website that the credentials belong to?\r\n\r\n[script.txt](https://cyber-ike.github.io/csdev-site/challenges/passwordcracking/script.txt)","max_attempts":0,"value":5,"category":"Password Cracking","type":"standard","state":"visible","requirements":null,"connection_info":null,"next_id":null},{"id":68,"name":"NORAD, you so funny 3","description":"You are at NORAD and want to play a small joke on their social media account. You find a file called \"script.txt\", and you open it to find some variables that looks like it contains credentials for something. \r\n\r\nWhat is the encoding scheme used in this file?\r\n\r\n[script.txt](https://cyber-ike.github.io/csdev-site/challenges/passwordcracking/script.txt)","max_attempts":0,"value":5,"category":"Password Cracking","type":"standard","state":"visible","requirements":null,"connection_info":null,"next_id":null},{"id":69,"name":"You can program in Slytherin","description":"We've found an old school program for showing how to use the Slytherin language by the Synthients, but the output is incorrect. Can you fix it?\r\n\r\n[HelloWorld.py](https://cyber-ike.github.io/csdev-site/challenges/programming/HelloWorld.py)","max_attempts":0,"value":5,"category":"Programming","type":"standard","state":"visible","requirements":null,"connection_info":null,"next_id":null},{"id":70,"name":"Memory Loss - I'm Getting Old","description":"You are a Senior Programmer who reviews code for any possible vulnerbilities. Your intern has been working on a program in C and has sent you their file for review.  Download the file and open it in a text editor of your choice. After reviewing it, you found a bug in the code that could exploit the *heap*. \r\n\r\nNote: The flag is the type of vulnerability that could be exploited. Be sure to encase the flag with **CI{}**.\r\n\r\n[memory_loss_1.c](https://cyber-ike.github.io/csdev-site/challenges/programming/memory_loss_1.c)","max_attempts":0,"value":10,"category":"Programming","type":"standard","state":"visible","requirements":null,"connection_info":null,"next_id":null},{"id":71,"name":"False Memories","description":"You are a Senior Programmer who reviews code for any possible vulnerbilities. Your intern has been working on a program in C and has sent you their file for review.  Download the file and open it in a text editor of your choice. After reviewing it, you found a bug in the code that could exploit the *heap*. \r\n\r\nNote: The flag is variable that could be exploited. Be sure to encase the flag with **CI{}**.\r\n\r\n[false_memories.c](https://cyber-ike.github.io/csdev-site/challenges/programming/false_memories.c)","max_attempts":0,"value":10,"category":"Programming","type":"standard","state":"visible","requirements":null,"connection_info":null,"next_id":null},{"id":72,"name":"Expanding some data center to Oahu and this challenge is insane","description":"You are tasked with establishing a secure data center on the island of Oahu, Hawaii, for Delos Incorporated to support critical infrastructure and ensure business continuity. Given the island's susceptibility to natural disasters such as floods and other environmental factors, it is essential to choose the most secure location. To achieve this, please identify the best location for the data center based on CISSP best practices located in Central Oahu.\r\n\r\nYou have access to various resources, including maps of flood zones and information about common natural disasters on Oahu. The chosen location should minimize the risk of environmental disasters and ensure the highest level of data center security.\r\n\r\nYour task is to review the provided resources and determine the optimal location for the data center. Once you have identified the best location, format your answer in the following flag syntax:\r\n\r\nGeographic coordinate system/GPS formats:\r\nCI{xx.xxx, -xxx.xxx}\r\nCI{xx\u00b0xx'xx.x\"N, xxx\u00b0xx'xx.x\"W}\r\n\r\nor \r\n\r\nCI{city, sea/mountain side}\r\n\r\nResources:\r\nCommon Natural Disasters Information\r\nOahu Flood Zone Map\r\nhttps://fhat.hawaii.gov/\r\n\r\n\r\nTusnami Zone Map:\r\nhttps://dod.hawaii.gov/hiema/public-resources/tsunami-evacuation-zone/\r\n\r\nHurricane Map:\r\nhttps://experience.arcgis.com/experience/203f772571cb48b1b8b50fdcc3272e2c\r\nhttps://www.honolulu.gov/dem/hurricane.html\r\n\r\nUSGS:\r\nhttps://pubs.usgs.gov/sim/3143/sim3143_sheet2.pdf\r\nhttps://pubs.usgs.gov/publication/sim3143\r\n\r\nLandslide Map:\r\nhttps://www.usgs.gov/programs/landslide-hazards/science/preliminary-landslide-susceptibility-maps-and-data-hawaii\r\n\r\nSearch for document detailing information on common natural disasters on Oahu\r\n\r\n\r\nHint: Consider factors such as elevation, proximity to bodies of water, historical disaster data, and any relevant CISSP principles when making your decision. Good luck!","max_attempts":0,"value":30,"category":"Security Awareness","type":"standard","state":"visible","requirements":null,"connection_info":null,"next_id":null},{"id":73,"name":"Allow me to pass","description":"In Mos Eisley, Obi-Wan uses a mind trick on a group of stormtroopers convince them that he and Luke Skywalker were allowed to the village by pretending to be authorized visitors.\r\n\r\nIf the empire had better security practices, what would help defend aganist this type of attack?\r\n\r\n*Note: You will need to research the answer using a search engine (common security terms) and submit it as the flag. Please remember that the flag should be encased with **CI{FlagHere}***","max_attempts":0,"value":1,"category":"Trivia","type":"standard","state":"visible","requirements":null,"connection_info":null,"next_id":null},{"id":74,"name":"This is not the network you are looking for","description":"Our heroes arrive at the Death Star and get passed the stormtroopers that watch the landing bay where the Millennium Falcon is located, they sneak into a control center where there is an access point to the battle station\u2019s main computer.\r\n \r\nObi-Wan orders the droids to access the entire flat Imperial network. This would have never happened if the empire had what type of defense?\r\n\r\n*Note: You will need to research the answer using a search engine (commond security terms) and submit it as the flag. Please remember that the flag should be encased with **CI{FlagHere}***","max_attempts":0,"value":1,"category":"Trivia","type":"standard","state":"visible","requirements":null,"connection_info":null,"next_id":null},{"id":75,"name":"Malicious Dongles","description":"On the Death Star, R2-D2 uses his small gyroscopic arm as a dongle to connect to the Imperial network. This way, the good guys get all the information they need to attack the system and find Princess Leia. \r\n\r\nThe empire should have had better opsec when it came to their managed devices.\r\n\r\nWhat type of device should not, in best practice, be connected to the corp network?\r\n\r\n*Note: You will need to research the answer using a search engine (commond security terms) and submit it as the flag. Please remember that the flag should be encased with **CI{FlagHere}***","max_attempts":0,"value":1,"category":"Trivia","type":"standard","state":"visible","requirements":null,"connection_info":null,"next_id":null},{"id":76,"name":"Your lack of security is disturbing","description":"Amidst Luke Skywalker and his comrades' concealment within the Death Star control center, yet another significant cybersecurity flaw emerges. Despite this, R2-D2 successfully infiltrates the Galactic Empire's computer network, obtaining the blueprints of the space station.\r\n\r\nConsidering the paramount importance of this data, what should the empire have done to protect this data from prying eyes? (One Word)\r\n\r\n*Note: You will need to research the answer using a search engine (commond security terms) and submit it as the flag. Please remember that the flag should be encased with **CI{FlagHere}***","max_attempts":0,"value":1,"category":"Trivia","type":"standard","state":"visible","requirements":null,"connection_info":null,"next_id":null},{"id":77,"name":"Should have put a door there","description":"The tractor beam control unit aboard the Death Star exhibited remarkably lax security measures. Obi-Wan Kenobi effortlessly gains access to the console, deactivating the device to facilitate the escape of Han Solo and Chewbacca's ship. Had the architects responsible for designing the battle station installed a door in front of the controls, it would have significantly impeded the Jedi's escape.\r\n\r\nWhat type of control would this be? (One Word)\r\n\r\n*Note: You will need to research the answer using a search engine (commond security terms) and submit it as the flag. Please remember that the flag should be encased with **CI{FlagHere}***","max_attempts":0,"value":1,"category":"Trivia","type":"standard","state":"visible","requirements":null,"connection_info":null,"next_id":null},{"id":78,"name":"Whose responsibility is this","description":"Fortunately for Luke, Han, and Chewie, the stormtroopers lack a comprehensive action protocol to address security incidents. In any real-world company safeguarding valuable assets (none of which, to our knowledge, include a galactic princess held captive in its basement), the response to the attack on the Death Star's dungeons would have been far more efficient.\r\n\r\nIt's astonishing how much time elapses between Han and Chewbacca disabling all surveillance cameras in the detention center and the moment someone eventually detects an anomaly, prompting the deployment of troops to regain control of the situation.\r\n\r\nWhat type of plan would have helped the empire get back on their feet faster? (Two words)\r\n\r\n*Note: You will need to research the answer using a search engine (commond security terms) and submit it as the flag. Please remember that the flag should be encased with **CI{FlagHere}***","max_attempts":0,"value":1,"category":"Trivia","type":"standard","state":"visible","requirements":null,"connection_info":null,"next_id":null},{"id":79,"name":"Come say hi","description":"Stop by to any Cyber Ike volunteer and say hi for the flag.","max_attempts":0,"value":5,"category":"Social Engineering","type":"standard","state":"visible","requirements":null,"connection_info":null,"next_id":null},{"id":80,"name":"Talk like a sly fox","description":"Practice your social engineering skills in an attempt to find out the name of the targets (CTF Staff) favorite drink. You will need to make sure you don't raise their alarms when asking them questions. \r\n\r\n*Disclaimer: Please do not replicate this in a real world scenario. We aren't responsible for what happens. \r\nNote: Only a select few CTF Staff have the flag so you will need to keep trying.*","max_attempts":0,"value":20,"category":"Social Engineering","type":"standard","state":"visible","requirements":null,"connection_info":null,"next_id":null},{"id":81,"name":"The Web Exploited","description":"You come into work this morning and receive calls that the application that NORAD uses isn't showing any data. You log onto the application and see that everything is configured correctly and that there are no other services or servers experiencing issues. \r\n\r\nYou check the application logs and see this entry from last night:\r\n> SELECT * FROM OrdersTable WHERE ShipCity = 'Redmond';drop table DatTable--'  \r\n\r\nWhat type of exploitation is this?","max_attempts":0,"value":5,"category":"Web Exploitation","type":"standard","state":"visible","requirements":null,"connection_info":null,"next_id":null},{"id":82,"name":"The Web Exploited 2","description":"You come into work this morning and receive calls that the application that NORAD uses isn't showing any data. You log onto the application and see that everything is configured correctly and that there are no other services or servers experiencing issues. \r\n\r\nYou check the application logs and see this entry from last night:\r\n> SELECT * FROM OrdersTable WHERE ShipCity = 'Redmond';drop table DatTable--'  \r\n\r\nWhat was removed from the database?","max_attempts":0,"value":5,"category":"Web Exploitation","type":"standard","state":"visible","requirements":null,"connection_info":null,"next_id":null},{"id":83,"name":"Record Sp00fing","description":"Go read about DNS SPF records [here](https://www.cloudflare.com/learning/dns/dns-records/dns-spf-record/).\r\n\r\nNow that you know a little bit about SPF records, what is the assumed SPF mechanism used if no mechanism modifier is used in the record?\r\n\r\n> v=spf1 include:spf.google.com a:microsoft.com a:facebook.com ~all","max_attempts":0,"value":5,"category":"Web Exploitation","type":"standard","state":"visible","requirements":null,"connection_info":null,"next_id":null},{"id":84,"name":"That isn't yoda for sure....idk what it is","description":"Please download the file, uncompress it and find the flag. This should be pretty easy and there are no hints hehe.\r\n\r\n[YodaIsNotYoda.zip](https://cyber-ike.github.io/csdev-site/challenges/webexploit/YodaIsNotYoda.zip)","max_attempts":0,"value":5,"category":"Web Exploitation","type":"standard","state":"visible","requirements":null,"connection_info":null,"next_id":null},{"id":85,"name":"The Hidden Sandbox","description":"Your Security Operations Center (SOC) intercepted an outgoing email with a blank message body with the subject line \"Hidden Sandbox\". However, it contains an image attachment. They have analyzed the email and don't see any \"hidden\" text in the email. You think it's suspicious to just send an email with just an image with no context to the email.","max_attempts":0,"value":10,"category":"Steganography","type":"standard","state":"hidden","requirements":null,"connection_info":null,"next_id":null},{"id":86,"name":"Volcanoes can die like stuff","description":"Your friend who has been traveling in Hawaii has been sending you emails like a boomer, although texting would have been easier. You receive the message with the subject line \"Check out this volcanoe!\" and the message body \"I flew my drone up and captured this nice sceneary, what do you think? P.S. There is hidden encryption....\". \r\n\r\nDownload the file and find the flag.\r\n\r\n[leahistego_2.txt](https://cyber-ike.github.io/csdev-site/challenges/stego/leahistego_2.txt)","max_attempts":0,"value":10,"category":"Steganography","type":"standard","state":"visible","requirements":null,"connection_info":null,"next_id":null},{"id":87,"name":"Box Adventure","description":"You have been traveling in Hawaii for a month and wanted to explore some scenery somewhere high. A friend sent you a photo of a hike that they did when they were in Hawaii. You downloaded the file but couldn't open it! Fix the file and find the flag.","max_attempts":0,"value":10,"category":"Steganography","type":"standard","state":"hidden","requirements":null,"connection_info":null,"next_id":null},{"id":88,"name":"Web Traffic 1","description":"We're noticing some suspicious logins from foreign countries? We believe we've found a server that passwords are stored on. \r\nCan you help us identify what type of attack was performed?\r\n\r\n[i.pcapng](https://cyber-ike.github.io/csdev-site/challenges/nta/i.pcapng)","max_attempts":0,"value":5,"category":"Network Traffic Analysis","type":"standard","state":"visible","requirements":null,"connection_info":null,"next_id":null},{"id":89,"name":"Web Traffic 2","description":"Great! Now that you've found the type of attack performed, what database was accessed that contained the passwords?\r\n\r\n[i.pcapng](https://cyber-ike.github.io/csdev-site/challenges/nta/i.pcapng)","max_attempts":0,"value":5,"category":"Network Traffic Analysis","type":"standard","state":"visible","requirements":null,"connection_info":null,"next_id":null},{"id":90,"name":"Web Traffic 3","description":"What was the name of the table that contained the passwords?\r\n\r\n[i.pcapng](https://cyber-ike.github.io/csdev-site/challenges/nta/i.pcapng)","max_attempts":0,"value":5,"category":"Network Traffic Analysis","type":"standard","state":"visible","requirements":null,"connection_info":null,"next_id":null},{"id":91,"name":"Web Traffic 4","description":"After reviewing the suspicious logins, we were able to find the User Id that has been logging into the server from multiple countries. The user's ID is 2. What is the first name of the user?\r\n\r\n[i.pcapng](https://cyber-ike.github.io/csdev-site/challenges/nta/i.pcapng)","max_attempts":0,"value":5,"category":"Network Traffic Analysis","type":"standard","state":"visible","requirements":null,"connection_info":null,"next_id":null},{"id":92,"name":"Web Traffic 5","description":"The attackers were able to crack his password hash so easily.  Gordon has not logged into the server for a long time and practiced good cyber hygiene by not resuing passwords. Gordon gave us permission to crack his password to determine whether it followed our password policy. Can you help crack Gordon's password and give us the plaintext?\r\n\r\nHint: Hash begins with \"e\" and ends with \"3\"\r\n\r\n[i.pcapng](https://cyber-ike.github.io/csdev-site/challenges/nta/i.pcapng)","max_attempts":0,"value":5,"category":"Network Traffic Analysis","type":"standard","state":"visible","requirements":null,"connection_info":null,"next_id":null},{"id":93,"name":"Human Biohazards","description":"What is the term for a type of identity base data that includes fingerprints, DNA, or handwritten text?","max_attempts":0,"value":1,"category":"Trivia","type":"standard","state":"visible","requirements":null,"connection_info":null,"next_id":null},{"id":94,"name":"Expiring Passwords","description":"In password generation, what does the acronym OTP stand for?","max_attempts":0,"value":1,"category":"Trivia","type":"standard","state":"visible","requirements":null,"connection_info":null,"next_id":null},{"id":95,"name":"Inactive data","description":"Data is said to be \"at\" when being stored (inactive).","max_attempts":0,"value":1,"category":"Trivia","type":"standard","state":"visible","requirements":null,"connection_info":null,"next_id":null},{"id":96,"name":"Enclosed box","description":"What is the term for a testing environment in which new or untested software or coding can be run securely and not affecting production environment?","max_attempts":0,"value":1,"category":"Trivia","type":"standard","state":"visible","requirements":null,"connection_info":null,"next_id":null},{"id":97,"name":"Untraceable Digital Money","description":"What is the most popular digital currency used in cyber crime?","max_attempts":0,"value":1,"category":"Trivia","type":"standard","state":"visible","requirements":null,"connection_info":null,"next_id":null},{"id":98,"name":"Winnie wants that honey","description":"What is the term used when you setup a \"fake\" and closed computer system and network used to lure attackers away from your live computer system and network?","max_attempts":0,"value":1,"category":"Trivia","type":"standard","state":"visible","requirements":null,"connection_info":null,"next_id":null},{"id":99,"name":"Middle man loves it all","description":"What is the term used in a cyberattack in which an attacker intercepts and alters data as it is transmitted between people? ","max_attempts":0,"value":1,"category":"Trivia","type":"standard","state":"visible","requirements":null,"connection_info":null,"next_id":null},{"id":100,"name":"Distributing the deny","description":"What is the acronym for \"Distributed Denial of Service\"?","max_attempts":0,"value":1,"category":"Trivia","type":"standard","state":"visible","requirements":null,"connection_info":null,"next_id":null},{"id":101,"name":"Is this a medical emergency","description":"What is the term that is borrowed in the medical field, it is used to assign priority to cybersecurity alerts.","max_attempts":0,"value":1,"category":"Trivia","type":"standard","state":"visible","requirements":null,"connection_info":null,"next_id":null},{"id":102,"name":"I am TV famous","description":"What do you think of when you hear the name \"Elliot Alderson\"?","max_attempts":0,"value":1,"category":"Trivia","type":"standard","state":"visible","requirements":null,"connection_info":null,"next_id":null},{"id":103,"name":"Shell Shocked","description":"What is the name of the scripting language and engine used commonly by Windows System Administrators?","max_attempts":0,"value":1,"category":"Trivia","type":"standard","state":"visible","requirements":null,"connection_info":null,"next_id":null},{"id":104,"name":"They knew everything about me and attacked me from far away","description":"What is the term used in the intentional online exposure of an individual's identity (private information, personal details) without consent?","max_attempts":0,"value":1,"category":"Trivia","type":"standard","state":"visible","requirements":null,"connection_info":null,"next_id":null},{"id":105,"name":"Frameworks....what are those","description":"What is a trending cybersecurity framework that states, a network is always at risk from outside and inside threats. Every user should be verified every time and should only have access to only what they need?","max_attempts":0,"value":1,"category":"Trivia","type":"standard","state":"visible","requirements":null,"connection_info":null,"next_id":null},{"id":106,"name":"We bricked our customers","description":"We are a bit cybersecurity company that \"unintentionally\" bricked our customers systems causing billions...if not trillions of damages and losses. Attackers couldn't even breach their systems.","max_attempts":0,"value":1,"category":"Trivia","type":"standard","state":"visible","requirements":null,"connection_info":null,"next_id":null},{"id":107,"name":"ExOR","description":"Not more cryptograhy! This time you receive a really random encoded message and need to decrypt it quickly. You know that this shouldn't be sophisticated:\r\n\r\n-e,%)o-)d$/d9+&#0ia79=cl&05d$'*>!e(7p !)d1)->(o8,$5d9o.!d+.0|o.\" e5,1;cl7,3hp&<l%+a-4& 8j\r\n\r\n","max_attempts":0,"value":10,"category":"Cryptography","type":"standard","state":"visible","requirements":null,"connection_info":null,"next_id":null},{"id":108,"name":"Pandemic Gainz","description":"In the year 2021, what was the cryptocurrency that had the most return gains reported?","max_attempts":0,"value":5,"category":"OSINT","type":"standard","state":"visible","requirements":null,"connection_info":null,"next_id":null},{"id":109,"name":"Chained Blocks","description":"I am a ledger with a growing list of record that are linked together with cryptographic fingerprints. My record contains the fingerprint of the previous record, a timestamp, and transaction data. What am I?","max_attempts":0,"value":5,"category":"OSINT","type":"standard","state":"visible","requirements":null,"connection_info":null,"next_id":null},{"id":110,"name":"Pysqlry","description":"Download the Python code and run it. What is the command that you would send to exploit the code?\r\n\r\n[Pysqlry.py](https://cyber-ike.github.io/csdev-site/challenges/pysqlry/Pysqlry.py)","max_attempts":0,"value":15,"category":"Programming","type":"standard","state":"visible","requirements":null,"connection_info":null,"next_id":null},{"id":111,"name":"Floppy Bird","description":"You are given a letter containing credentials, you log into the computer \"FlappyBird-Laptop\" and has a virtual floppy disk attached to it (I know those Gen Xers).\r\n\r\n[FOO ICO](https://cyber-ike.github.io/csdev-site/challenges/floppy_bird/foo.ico)\r\n\r\n[ICO ICO](https://cyber-ike.github.io/csdev-site/challenges/floppy_bird/ico.ico)","max_attempts":0,"value":15,"category":"Beta Misc","type":"standard","state":"visible","requirements":null,"connection_info":null,"next_id":null},{"id":112,"name":"Floppy Bird Continues","description":"Congratulations! You found a way to open/extract the file from the virtual floppy disk. But one of those files seems a bit suspicious right?","max_attempts":0,"value":10,"category":"Beta Misc","type":"standard","state":"visible","requirements":null,"connection_info":null,"next_id":null},{"id":113,"name":"Me Slashing the Snow","description":"Download the file for this challenge and find the flag to the question \"How long have I been known to people?\"","max_attempts":0,"value":5,"category":"Forensics","type":"standard","state":"visible","requirements":null,"connection_info":null,"next_id":null},{"id":114,"name":"Media Data","description":"Download and run the software which will give you access to a database to organize a media playlist. It seems that it also connects to an IoT device to play custom tones. Can you obtain the authentication token?\r\n\r\n[MediaDB](https://cyber-ike.github.io/csdev-site/challenges/media_data/mediadb)","max_attempts":0,"value":20,"category":"Beta Binary Exploitation","type":"standard","state":"visible","requirements":null,"connection_info":null,"next_id":null},{"id":115,"name":"Obscure Security","description":"You read contents of a screenshot that you find in the file shares and a worker name \"Freddy Krueger\" created some firmware for the router that your company uses and stored it on a cloud drive. You download it and found that \"Freddy\" packaged the firmware with some \"key\".\r\n\r\nRecover the \"key\". \r\n\r\n[Script](https://cyber-ike.github.io/csdev-site/challenges/obscure_security/obscure_security.sh)\r\n\r\n[File](https://cyber-ike.github.io/csdev-site/challenges/obscure_security/password.x.a.b.c.d.e.f.g.h.i.j.k.l.m.n.o.p.a.b.c.d.e.f.g.h.i.j.k.l.m.n.o.p.p.o.n.m.l.k.j.i.h.g.f.e.d.c.b.a.a.b.c.d.e.f.g.h.i.j.k.l.m.n.o.p)","max_attempts":0,"value":25,"category":"Beta Misc","type":"standard","state":"visible","requirements":null,"connection_info":null,"next_id":null},{"id":116,"name":"Static Web Pages","description":"Download the static webpage and find the flag.\r\n\r\n[Manifest File](https://cyber-ike.github.io/csdev-site/challenges/static_web_pages/home.html)","max_attempts":0,"value":5,"category":"Beta Web Exploitation","type":"standard","state":"visible","requirements":null,"connection_info":null,"next_id":null},{"id":117,"name":"Imagine a Trojan","description":"Using any available AI tool at your disposal (doesn't need to be listed on the CyberStrike GitHub as long as it's free), generate a picture of what a \"trojan horse\" would look like. However, be as descriptive as you can to create the best possible picture. \r\n\r\n> e.g. trojan horse breaking into maximum security prison\r\n\r\nIn the Discord server, create a ticket (for K12 participants, please use the dedicated team channel under \"STRIKE TEAMS\") to start this challenge. Please be sure to indicate the challenge name and submit your results after to have a quicker response time.","max_attempts":0,"value":10,"category":"Beta Live Challenge","type":"standard","state":"visible","requirements":null,"connection_info":null,"next_id":null},{"id":118,"name":"Imagine a Virus","description":"Using any available AI tool at your disposal (doesn't need to be listed on the CyberStrike GitHub as long as it's free), generate a picture of what a \"virus\" would look like. However, be as descriptive as you can to create the best possible picture. \r\n\r\n> e.g. computer virus spreading into personal devices\r\n\r\nIn the Discord server, create a ticket (for K12 participants, please use the dedicated team channel under \"STRIKE TEAMS\") to start this challenge. Please be sure to indicate the challenge name and submit your results after to have a quicker response time.","max_attempts":0,"value":10,"category":"Beta Live Challenge","type":"standard","state":"visible","requirements":null,"connection_info":null,"next_id":null},{"id":119,"name":"If Cryptography Was A Warrior","description":"Using any available AI tool at your disposal (doesn't need to be listed on the CyberStrike GitHub as long as it's free), generate a picture of what \"cryptography\" would look like. However, be as descriptive as you can to create the best possible picture. \r\n\r\n> e.g. cryptography as a warrior\r\n\r\nIn the Discord server, create a ticket (for K12 participants, please use the dedicated team channel under \"STRIKE TEAMS\") to start this challenge. Please be sure to indicate the challenge name and submit your results after to have a quicker response time.","max_attempts":0,"value":10,"category":"Beta Live Challenge","type":"standard","state":"visible","requirements":null,"connection_info":null,"next_id":null},{"id":120,"name":"Reviewing ECDSA","description":"We have found the following program code and output, we need you to extract the flag from the output file. \r\n\r\n[ECDSA Code Output](https://cyber-ike.github.io/csdev-site/challenges/reviewing_edcsa/reviewing_ecdsa_code_output.txt)\r\n\r\n[ECDSA Code](https://cyber-ike.github.io/csdev-site/challenges/reviewing_edcsa/reviewing_ecdsa_code)","max_attempts":0,"value":20,"category":"Beta Cryptography","type":"standard","state":"visible","requirements":null,"connection_info":null,"next_id":null},{"id":121,"name":"Vinaigrette Encryption","description":"Decrypt the message to find the flag:\r\n\r\nTusec mfy eaam gfqclaef oomgh ok. Tuog uq\u2019fy snnfpfugnk, kvrf, adotq fvzz-zgtzk tuog qmk ife gcb kmbs kucsefqfi eoiwrq. Fvy lrhhu ge, ky srr oyj fvyke gvvlsg. Ufoamzmgg ck a fmzzaz, fakr huc rzuy a pchlffs xlvsf. Rts zdat wf rts mqmocy mr hbw cbiardm. Imr zofie olw ohf ayfwifay wqczhcly. Js npq bil Aacawycok \u2013 wr frndsmwng huc uryslf cs Yzchqmbif. Rdinz, fesrbaa ufd gvr pqainay cs aqbmgrfvvn. Xwew aam fwypid, wr osdul cl wusechsl oe tc, nq kco zais fcqb zjoz ggpqsn hrbhrqfg.\r\n\r\nQw hnjr la zysdrff, aujcdinbf md giddvseq. Is uje nzy mzs. Qw rhb bnqfulibbf zqqumsr huyf wm ohnh gfq ulguc rrauryk tb rb. Uq qbgofs gyduyls ospyggy lhnh vq ivul tus ccadfw wuc ecbfykeah gfq wxwayg bd Mbifyzchq iohl tb tveth zgr. Gvr uaffv if wa rdcotlr. Kr qqs cl eisew pos \u2013 oae, dbtqfnq, mhfqcd. Spwrl rnw is uje oczzmfxwd jwgf zsqk aar vkmuyk, af kr quh ul hbar qmty an gvr izcqdequr rton oe nfr nakyjlrgf, rton \u201cteghrp\u201d ywhvs nfr bqofant kvrt hbw svhhyfwif.\r\n\r\nBhh jfmh cx ybi pmgzx te gvr atohye lch umbn lo fsr? G\u2019y hqwngm sghs swaeg bjp. W qwng hb qovigl nbq aazfwgr. W smgubl fbf zw ocoftem gfqb agt n xbz mbx havr zw forws. Vt lmg ayl mr ca rts mlrrsg G icodda\u2019h rtqb lwgvggcd ch qohf eypol. A az xhqf ohgtuse nqfmgn vb n qqo ix fnqrq.\r\n\r\nNin an pmocdgjscr kr yds xafsseczh. Qw hrzccp tlwe gvr nqcjde bt Rekdn. Oe usynqr zaguh nemwhkt Vgeyqz uk ig ogrqajleq urlaqcve. Js rvbcmwd zcec fvuf fvtgw fvimsnbq nmsxgpuwyce olguar gfq kijlq. Kr daiazt gvr bdia uaehrje. Ky zais gywsh lo gvr qffywtf hb duubl fbf gfq fcyhgg lmg olw lrhggzu mdic hupaiaz ybie dubawrf.\r\n\r\nKr yds Ufoamzmgg.\r\n\r\nNze szne ug WA{vvurlqfy uicvrp ug qzapy}\r\n\r\nVl fcxsy\u2019f kbpxr qw aes fcqb uk trfemdwmls bf nr nsml dnbtcdcok aaoeatwmls. Js\u2019ec oofdeq \u201cqbumfxk\u201d aar \u201ccmeslk\u201d fbf ugpwhy brvvlp aukkf, phr ivi as gvr pqof hofse? Uq huce nknw fvy xaps nlp zysvr cajk hbw mrgfyss. Vwhvbq rts gssx kr aaifv br oawaby, ohvqu ge kbq wr oec vixyeq pl uton oe fol yzr xg, nbh jfa ky srr ce uton oe uoic.\r\n\r\nIs ypifh jgfvimt aoggabudigm, fiub wglbie md fyditwbse pcss.","max_attempts":0,"value":10,"category":"Beta Cryptography","type":"standard","state":"visible","requirements":null,"connection_info":null,"next_id":null},{"id":122,"name":"Boo Celebrations","description":"True or False. Halloween celebrations span three days in Spain?\r\n\r\nPlease submit either **CI{True}** or **CI{False}**.","max_attempts":1,"value":1,"category":"Trivia","type":"standard","state":"visible","requirements":null,"connection_info":null,"next_id":null},{"id":123,"name":"Made from Onions","description":"True or False. Jack O\u2019 Lanterns used to be made from onions.\r\n\r\nPlease submit either **CI{True}** or **CI{False}**.","max_attempts":1,"value":1,"category":"Trivia","type":"standard","state":"visible","requirements":null,"connection_info":null,"next_id":null},{"id":124,"name":"Guising","description":"True or False. The term guising means dressing up in Scottish.\r\n\r\nPlease submit either **CI{True}** or **CI{False}**.","max_attempts":1,"value":1,"category":"Trivia","type":"standard","state":"visible","requirements":null,"connection_info":null,"next_id":null},{"id":125,"name":"Night Before Halloween","description":"True or False. Depending on where you live. The Night Before Halloween has different names.\r\n\r\nPlease submit either **CI{True}** or **CI{False}**.","max_attempts":1,"value":1,"category":"Trivia","type":"standard","state":"visible","requirements":null,"connection_info":null,"next_id":null},{"id":126,"name":"Easy There Chef","description":"Solve the flag:\r\n\r\nNDMgNDkgN2IgNTQgNjggNjUgMjAgNjMgNjggNjUgNjYgMjAgNjMgNmYgNmYgNmIgNzMgMjEgN2Q=","max_attempts":0,"value":10,"category":"Beta Cryptography","type":"standard","state":"visible","requirements":null,"connection_info":null,"next_id":null},{"id":127,"name":"The Only Way to Trust Something is a Paper","description":"Download the file and find the flag.\r\n\r\n[Manifest File](https://cyber-ike.github.io/csdev-site/challenges/only_way_to_trust_something_paper/cert_chall.csr)","max_attempts":0,"value":10,"category":"Beta Cryptography","type":"standard","state":"visible","requirements":null,"connection_info":null,"next_id":null},{"id":128,"name":"Their Manifest","description":"The Security Team found this file on a system that was attacked but they have now taken it back and are investigating. There seems to be data in the file but they aren't too sure on how to decode it. Decode the file and find the flag.\r\n\r\n[Manifest File](https://cyber-ike.github.io/csdev-site/challenges/their_manifest/their_manifest.txt)","max_attempts":0,"value":25,"category":"Beta Reverse Engineering","type":"standard","state":"visible","requirements":null,"connection_info":null,"next_id":null},{"id":129,"name":"Off N On 0110","description":"This was left on all systems during a recent attack, not another puzzle that doesn't tell us anything. Help the team figure out what **it** says. There might be a clue **in** there.\r\n\r\n![Puzzle](https://cyber-ike.github.io/csdev-site/challenges/off_n_on_grid/shamels_grid.png)","max_attempts":0,"value":15,"category":"Beta Cryptography","type":"standard","state":"visible","requirements":null,"connection_info":null,"next_id":null},{"id":130,"name":"Tincture Balloons","description":"It was discovered that Vince somehow extracted data from Halloween Corp. The team believes they crafted a custom malware to gain access to Slasher Corp. systems. They found a document that may mention the malware, and an audio file. We aren't sure what relation these files have with each other, but help us figure it out.\r\n\r\n[Audio](https://cyber-ike.github.io/csdev-site/challenges/tincture_balloons/tinctureballoon_sequence.mp3)\r\n\r\n[Document](https://cyber-ike.github.io/csdev-site/challenges/tincture_balloons/tinctureballon_enc.docx)\r\n\r\nSubmit the flag as CI{name of executable}. e.g. CI{vince_malware.exe}","max_attempts":0,"value":15,"category":"Beta Forensics","type":"standard","state":"visible","requirements":null,"connection_info":null,"next_id":null},{"id":131,"name":"Whats That Walletmon","description":"We recently discover that a computer on Vince Corp. network experienced ransomeware. Backups were recovered and restored back onto the system. We need help finding the Bitcoin wallet address from the sample file so we can report it to the proper authorities. \r\n\r\nSubmit the flag as CI{wallet address}.\r\n\r\n\r\n[Crypto Wallet](https://cyber-ike.github.io/csdev-site/challenges/whats_that_walletmon/Bitcoin.txt)","max_attempts":0,"value":10,"category":"Beta Forensics","type":"standard","state":"visible","requirements":null,"connection_info":null,"next_id":null},{"id":132,"name":"Drop Dead and Roll","description":"Michael Meyers Forge Ltd. recently recovered an unknown file from a system. This program appears to setup the workstation to convert secret decimal code into a password. We attempted to decode this without success and the script contains a recovery key (that might be a good starting point).\r\n\r\n[File Script](https://cyber-ike.github.io/csdev-site/challenges/drop_dead_and_roll/dropdead_and_roll.py)\r\n\r\nSubmit the flag as CI{flag here}.","max_attempts":0,"value":20,"category":"Beta Programming","type":"standard","state":"visible","requirements":null,"connection_info":null,"next_id":null},{"id":133,"name":"Creeper","description":"An SSH server was compromised at a remote location, the only security analyst for the client was fired and deleted information specific to the attack. Thankfully we have the PCAP file that caputure the traffic during the attack. \r\n\r\nWhat SSH Protocol was used that compromised the SSH server?\r\n\r\n[PCAP File](https://cyber-ike.github.io/csdev-site/challenges/creeper/creeper_pcap.xz)\r\n\r\nSubmit the SSH Protocol used as the flag as CI{SSH-1.0.0:Some Protocol Example}.","max_attempts":0,"value":10,"category":"Beta Network Traffic Analysis","type":"standard","state":"visible","requirements":null,"connection_info":null,"next_id":null}],"meta":{}}