{"count":6,"results":[{"id":1,"type":"page","location":"3ca046f68e810dc32f2d9236701ec2e9/IntroductionChallenge_Requirements.png","challenge_id":null,"page_id":null,"sha1sum":"c40a69a9afb25c028e839b0e062d29cb6fcd2cfc"},{"id":49,"type":"standard","location":"047f5ed2af42a781d62db6c622577483/Transparent_Background_file.png","challenge_id":null,"page_id":null,"sha1sum":"36e2400a1c7759e86b7c3dee1b1c5142a335516d"},{"id":50,"type":"page","location":"6c24217d63aba8a199689f53aac140d9/Transparent_Background_file.png","challenge_id":null,"page_id":null,"sha1sum":"36e2400a1c7759e86b7c3dee1b1c5142a335516d"},{"id":54,"type":"challenge","location":"114e2659352276cc233c74cff7c76a56/its_halloween.jpg","challenge_id":113,"page_id":null,"sha1sum":"002bd9f8af0cc59cf7e62d51a5887ce47780ee11"},{"id":64,"type":"challenge","location":"dd9868741bd700eef63296cfa52eac3b/cert_chall.csr","challenge_id":127,"page_id":null,"sha1sum":"1c520016f001b74ddd2b95f73710afa9d12e192f"},{"id":71,"type":"challenge","location":"e57301053d3e05e64b28094f690cbafd/captured_target.pcap","challenge_id":26,"page_id":null,"sha1sum":"4a2f896ac4cd52cbed0a14679b0b4aada866d233"}],"meta":{}}