{"count":198,"results":[{"id":1,"challenge_id":1,"type":"static","content":"CI{I_Always_The_Introduction_If_I_Dont_Understand_I_Fail}","data":"case_insensitive"},{"id":2,"challenge_id":2,"type":"static","content":"CI{BasicHexConversion}","data":"case_insensitive"},{"id":3,"challenge_id":3,"type":"static","content":"CI{256}","data":"case_insensitive"},{"id":4,"challenge_id":4,"type":"static","content":"CI{BasicHexadecimal}","data":"case_insensitive"},{"id":5,"challenge_id":5,"type":"static","content":"CI{I_am_Binary}","data":"case_insensitive"},{"id":6,"challenge_id":6,"type":"static","content":"CI{2024}","data":""},{"id":7,"challenge_id":7,"type":"static","content":"CI{isnt rot13 the BEST!}","data":"case_insensitive"},{"id":8,"challenge_id":8,"type":"static","content":"CU{The admins for CyberStrike must be very very disgruntled people who rotate 47 times.}","data":"case_insensitive"},{"id":9,"challenge_id":9,"type":"static","content":"CI{%96 25>:?D 7@C rJ36C$EC:<6 >FDE 36 G6CJ G6CJ 5:D8CF?E=65 A6@A=6] cf E:>6D]}","data":"case_insensitive"},{"id":10,"challenge_id":10,"type":"static","content":"CI{WeAreGhosts}","data":"case_insensitive"},{"id":11,"challenge_id":11,"type":"static","content":"CI{Lbh qerffvat hc nf Wnfba Ibbeurrf oehu?}","data":"case_insensitive"},{"id":12,"challenge_id":12,"type":"static","content":"CI{SHA256}","data":"case_insensitive"},{"id":13,"challenge_id":12,"type":"static","content":"CI{SHA-256}","data":"case_insensitive"},{"id":14,"challenge_id":12,"type":"static","content":"CI{SHA2}","data":"case_insensitive"},{"id":15,"challenge_id":12,"type":"static","content":"CI{SHA2-256}","data":"case_insensitive"},{"id":16,"challenge_id":13,"type":"static","content":"CI{Braille is the best}","data":"case_insensitive"},{"id":17,"challenge_id":14,"type":"static","content":"CI{Cypher's Game}","data":"case_insensitive"},{"id":20,"challenge_id":15,"type":"static","content":"CI{BACONSCIPHER}","data":"case_insensitive"},{"id":21,"challenge_id":16,"type":"static","content":"CI{SHA256}","data":"case_insensitive"},{"id":22,"challenge_id":17,"type":"static","content":"CI{Trojan_Morse}","data":"case_insensitive"},{"id":23,"challenge_id":18,"type":"static","content":"CI{this_hex_string_is_full_of_midichlorians}","data":"case_insensitive"},{"id":24,"challenge_id":19,"type":"static","content":"CI{Target Found}","data":"case_insensitive"},{"id":25,"challenge_id":20,"type":"static","content":"CI{CI{conquering_the_armored_snake}}","data":"case_insensitive"},{"id":27,"challenge_id":22,"type":"static","content":"CI{choi du'jour}","data":"case_insensitive"},{"id":28,"challenge_id":23,"type":"static","content":"CI{We gave birth to AI.}","data":"case_insensitive"},{"id":29,"challenge_id":24,"type":"static","content":"CI{IMPERIAL WALKERS}","data":"case_insensitive"},{"id":30,"challenge_id":25,"type":"static","content":"CI{Echos of the past}","data":"case_insensitive"},{"id":31,"challenge_id":26,"type":"static","content":"CI{I am the Geisha and you have my consent}","data":"case_insensitive"},{"id":32,"challenge_id":27,"type":"static","content":"CI{Cerebral DDoS}","data":"case_insensitive"},{"id":33,"challenge_id":27,"type":"static","content":"CI{Cerebral DDoS Successful... Executing Cerebral Hack = Remote Command Injection}","data":"case_insensitive"},{"id":34,"challenge_id":27,"type":"static","content":"CI{Remote Command Injection}","data":"case_insensitive"},{"id":35,"challenge_id":27,"type":"static","content":"CI{DDoS}","data":"case_insensitive"},{"id":36,"challenge_id":28,"type":"static","content":"CI{Adulting_sucks_Not_Yoda}","data":"case_insensitive"},{"id":37,"challenge_id":29,"type":"static","content":"CI{OurFirstCTFEvent}","data":"case_insensitive"},{"id":38,"challenge_id":30,"type":"static","content":"CI{SuperSusFile}","data":"case_insensitive"},{"id":39,"challenge_id":31,"type":"static","content":"CI{Are you awake?}","data":"case_insensitive"},{"id":40,"challenge_id":32,"type":"static","content":"CI{Through the looking glass}","data":"case_insensitive"},{"id":41,"challenge_id":33,"type":"static","content":"CI{honeybee}","data":"case_insensitive"},{"id":42,"challenge_id":34,"type":"static","content":"CI{Bluepill Reality}","data":"case_insensitive"},{"id":43,"challenge_id":35,"type":"static","content":"CI{LAST TIME I SUBMIT MY CREDENTIALS OVER HTTP}","data":"case_insensitive"},{"id":44,"challenge_id":36,"type":"static","content":"CI{bsidesuser:O5g54lu!&ayXbOU^WD0&wk}","data":"case_insensitive"},{"id":45,"challenge_id":37,"type":"static","content":"CI{http://192.168.91.5:5280/SecretPage}","data":"case_insensitive"},{"id":46,"challenge_id":38,"type":"static","content":"CI{This is the secret file and only people with the secret file should know it's contents.}","data":"case_insensitive"},{"id":47,"challenge_id":39,"type":"static","content":"CI{mission_impossible_rogue_one_crossover_episode}","data":"case_insensitive"},{"id":48,"challenge_id":40,"type":"static","content":"CI{icmp_go_brrrrrrr}","data":"case_insensitive"},{"id":49,"challenge_id":41,"type":"static","content":"CI{FollowTheLogsDNSExfilGeneratesAlotOfTraffic}","data":"case_insensitive"},{"id":50,"challenge_id":42,"type":"static","content":"CI{7E0112B425C7060E5781915F909CC9D9}","data":"case_insensitive"},{"id":51,"challenge_id":43,"type":"static","content":"CI{andorviewer1998+zoom@gmail.com:zoompresenter1234}","data":"case_insensitive"},{"id":52,"challenge_id":44,"type":"static","content":"CI{Makapu'u Point Lookout}","data":"case_insensitive"},{"id":53,"challenge_id":44,"type":"static","content":"CI{Makapu\u02bbu Point Lighthouse Trail}","data":"case_insensitive"},{"id":54,"challenge_id":45,"type":"static","content":"CI{Hanak\u0101p\u012b\u02bbai Falls}","data":""},{"id":55,"challenge_id":46,"type":"static","content":"CI{Kalaupapa Lookout}","data":"case_insensitive"},{"id":56,"challenge_id":47,"type":"static","content":"CI{This line is the flag}","data":"case_insensitive"},{"id":57,"challenge_id":48,"type":"static","content":"CI{MD5}","data":"case_insensitive"},{"id":58,"challenge_id":49,"type":"static","content":"CI{Wheel of Fortune}","data":"case_insensitive"},{"id":59,"challenge_id":50,"type":"static","content":"CI{CANYOUSTOPWITHTHISNONSENSE}","data":"case_insensitive"},{"id":60,"challenge_id":51,"type":"static","content":"CI{Anderson Island}","data":"case_insensitive"},{"id":61,"challenge_id":52,"type":"static","content":"CI{Scarlett Johansson}","data":"case_insensitive"},{"id":62,"challenge_id":53,"type":"static","content":"CI{GITS}","data":"case_insensitive"},{"id":63,"challenge_id":53,"type":"static","content":"CI{Ghost in the Shell}","data":""},{"id":64,"challenge_id":54,"type":"static","content":"CI{Hanka}","data":"case_insensitive"},{"id":65,"challenge_id":54,"type":"static","content":"CI{Hanka Robotics}","data":"case_insensitive"},{"id":66,"challenge_id":54,"type":"static","content":"CI{Hanka Robotics Corporation}","data":"case_insensitive"},{"id":67,"challenge_id":55,"type":"static","content":"CI{Batou}","data":"case_insensitive"},{"id":68,"challenge_id":55,"type":"static","content":"CI{Batou Buttetsu}","data":"case_insensitive"},{"id":69,"challenge_id":56,"type":"static","content":"CI{TokusaWasHere}","data":"case_insensitive"},{"id":70,"challenge_id":57,"type":"static","content":"CI{March 31, 2017}","data":"case_insensitive"},{"id":71,"challenge_id":57,"type":"static","content":"CI{03/31/2017}","data":""},{"id":72,"challenge_id":58,"type":"static","content":"CI{DEFCON 3}","data":"case_insensitive"},{"id":73,"challenge_id":58,"type":"static","content":"CI{DEFCON3}","data":"case_insensitive"},{"id":74,"challenge_id":58,"type":"static","content":"CI{3}","data":"case_insensitive"},{"id":75,"challenge_id":59,"type":"static","content":"CI{NotAFlag}","data":"case_insensitive"},{"id":76,"challenge_id":60,"type":"static","content":"CI{NeverUsePassword}","data":"case_insensitive"},{"id":77,"challenge_id":60,"type":"static","content":"CI{yes}","data":"case_insensitive"},{"id":78,"challenge_id":61,"type":"static","content":"CI{NoPass}","data":"case_insensitive"},{"id":79,"challenge_id":61,"type":"static","content":"CI{NotCasper}","data":"case_insensitive"},{"id":80,"challenge_id":62,"type":"static","content":"CI{DarthVader}","data":"case_insensitive"},{"id":81,"challenge_id":62,"type":"static","content":"CI{Darth Vader}","data":"case_insensitive"},{"id":82,"challenge_id":63,"type":"static","content":"CI{tolkin556}","data":"case_insensitive"},{"id":83,"challenge_id":64,"type":"static","content":"CI{Scarif@21}","data":"case_insensitive"},{"id":84,"challenge_id":65,"type":"static","content":"CI{HorologiumCamelopardalis}","data":"case_insensitive"},{"id":85,"challenge_id":66,"type":"static","content":"ISC2{EnvironmentVariables}","data":"case_insensitive"},{"id":86,"challenge_id":67,"type":"static","content":"CI{facebook.com}","data":"case_insensitive"},{"id":87,"challenge_id":68,"type":"static","content":"CI{Base64}","data":"case_insensitive"},{"id":88,"challenge_id":69,"type":"static","content":"CI{Reversing the text}","data":""},{"id":89,"challenge_id":70,"type":"static","content":"CI{MemoryLeak}","data":"case_insensitive"},{"id":90,"challenge_id":70,"type":"static","content":"CI{Memory Leak}","data":"case_insensitive"},{"id":91,"challenge_id":70,"type":"static","content":"CI{Memory_Leak}","data":"case_insensitive"},{"id":92,"challenge_id":71,"type":"static","content":"CI{ptr_a}","data":"case_insensitive"},{"id":93,"challenge_id":72,"type":"static","content":"CI{Mililani, Mauka}","data":"case_insensitive"},{"id":94,"challenge_id":72,"type":"static","content":"CI{21\u00b027'54.0\"N 158\u00b000'25.2\"W}","data":"case_insensitive"},{"id":95,"challenge_id":72,"type":"static","content":"CI{21.465, -158.007}","data":"case_insensitive"},{"id":96,"challenge_id":73,"type":"static","content":"CI{AntiSpoofing}","data":"case_insensitive"},{"id":97,"challenge_id":73,"type":"static","content":"CI{Anti-Spoofing}","data":"case_insensitive"},{"id":98,"challenge_id":74,"type":"static","content":"CI{Network Segmentation}","data":"case_insensitive"},{"id":99,"challenge_id":74,"type":"static","content":"CI{NetworkSegmentation}","data":"case_insensitive"},{"id":100,"challenge_id":74,"type":"static","content":"CI{Segmentation}","data":"case_insensitive"},{"id":101,"challenge_id":75,"type":"static","content":"CI{unauthorized devices}","data":"case_insensitive"},{"id":102,"challenge_id":75,"type":"static","content":"CI{unauthorized device}","data":"case_insensitive"},{"id":103,"challenge_id":75,"type":"static","content":"CI{unauthorizeddevice}","data":"case_insensitive"},{"id":104,"challenge_id":75,"type":"static","content":"CI{unauthorizeddevices}","data":"case_insensitive"},{"id":105,"challenge_id":76,"type":"static","content":"CI{Encryption}","data":"case_insensitive"},{"id":106,"challenge_id":76,"type":"static","content":"CI{Encrypt}","data":"case_insensitive"},{"id":107,"challenge_id":77,"type":"static","content":"CI{Physical}","data":"case_insensitive"},{"id":108,"challenge_id":77,"type":"static","content":"CI{Physical Control}","data":"case_insensitive"},{"id":109,"challenge_id":78,"type":"static","content":"CI{Business Continuity}","data":"case_insensitive"},{"id":110,"challenge_id":78,"type":"static","content":"CI{BusinessContinuity}","data":"case_insensitive"},{"id":111,"challenge_id":79,"type":"static","content":"ISC2{Thanksforstoppingby}","data":"case_insensitive"},{"id":112,"challenge_id":79,"type":"static","content":"ISC2{thanks for stopping by}","data":"case_insensitive"},{"id":113,"challenge_id":80,"type":"static","content":"CI{StraightBlackCoffee}","data":"case_insensitive"},{"id":114,"challenge_id":80,"type":"static","content":"CI{TearsOfChildren}","data":"case_insensitive"},{"id":115,"challenge_id":80,"type":"static","content":"CI{LotsOfGreenTea}","data":"case_insensitive"},{"id":116,"challenge_id":80,"type":"static","content":"CI{DirtyRiverWater}","data":"case_insensitive"},{"id":117,"challenge_id":81,"type":"static","content":"CI{SQL Injection}","data":"case_insensitive"},{"id":118,"challenge_id":82,"type":"static","content":"CI{DatTable}","data":"case_insensitive"},{"id":119,"challenge_id":83,"type":"static","content":"CI{Neutral}","data":"case_insensitive"},{"id":120,"challenge_id":84,"type":"static","content":"CI{Adulting_sucks_Not_Yoda}","data":""},{"id":121,"challenge_id":85,"type":"static","content":"CI{Physically_I_Am_Not_A_Sandbox_LOL!}","data":"case_insensitive"},{"id":122,"challenge_id":86,"type":"static","content":"CI{This_is_DiamondHead!?}","data":"case_insensitive"},{"id":123,"challenge_id":86,"type":"static","content":"CI{61c3a1679e62495aa17d6ca4b3eb8465}","data":"case_insensitive"},{"id":124,"challenge_id":87,"type":"static","content":"CI{Is_that_a_squirtle?!}","data":"case_insensitive"},{"id":125,"challenge_id":88,"type":"static","content":"CI{SQLI}","data":"case_insensitive"},{"id":126,"challenge_id":88,"type":"static","content":"CI{SQL Injection}","data":"case_insensitive"},{"id":127,"challenge_id":88,"type":"static","content":"CI{SQLInjection}","data":"case_insensitive"},{"id":128,"challenge_id":89,"type":"static","content":"CI{dvwa}","data":"case_insensitive"},{"id":129,"challenge_id":90,"type":"static","content":"CI{user}","data":"case_insensitive"},{"id":130,"challenge_id":91,"type":"static","content":"CI{Gordon Brown}","data":"case_insensitive"},{"id":131,"challenge_id":91,"type":"static","content":"CI{Gordon}","data":"case_insensitive"},{"id":132,"challenge_id":92,"type":"static","content":"CI{abc123}","data":"case_insensitive"},{"id":133,"challenge_id":93,"type":"static","content":"CI{Biometric}","data":"case_insensitive"},{"id":134,"challenge_id":93,"type":"static","content":"CI{Biometrics}","data":"case_insensitive"},{"id":135,"challenge_id":94,"type":"static","content":"CI{One-time password}","data":"case_insensitive"},{"id":136,"challenge_id":94,"type":"static","content":"CI{One time password}","data":"case_insensitive"},{"id":137,"challenge_id":94,"type":"static","content":"CI{Onetimepassword}","data":"case_insensitive"},{"id":138,"challenge_id":95,"type":"static","content":"CI{Rest}","data":"case_insensitive"},{"id":139,"challenge_id":96,"type":"static","content":"CI{Sandbox}","data":"case_insensitive"},{"id":140,"challenge_id":96,"type":"static","content":"CI{Sand box}","data":"case_insensitive"},{"id":141,"challenge_id":97,"type":"static","content":"CI{Bitcoin}","data":"case_insensitive"},{"id":142,"challenge_id":98,"type":"static","content":"CI{Honeypot}","data":"case_insensitive"},{"id":143,"challenge_id":99,"type":"static","content":"CI{Man-in-the-middle}","data":"case_insensitive"},{"id":144,"challenge_id":100,"type":"static","content":"CI{DDoS}","data":"case_insensitive"},{"id":145,"challenge_id":101,"type":"static","content":"CI{Triage}","data":"case_insensitive"},{"id":146,"challenge_id":102,"type":"static","content":"CI{Mr. Robot}","data":"case_insensitive"},{"id":147,"challenge_id":102,"type":"static","content":"CI{Mr.Robot}","data":"case_insensitive"},{"id":148,"challenge_id":102,"type":"static","content":"CI{MrRobot}","data":"case_insensitive"},{"id":149,"challenge_id":102,"type":"static","content":"CI{Mr Robot}","data":"case_insensitive"},{"id":150,"challenge_id":103,"type":"static","content":"CI{PowerShell}","data":"case_insensitive"},{"id":151,"challenge_id":104,"type":"static","content":"CI{Doxing}","data":"case_insensitive"},{"id":152,"challenge_id":105,"type":"static","content":"CI{ZeroTrust}","data":"case_insensitive"},{"id":153,"challenge_id":105,"type":"static","content":"CI{Zero Trust}","data":"case_insensitive"},{"id":154,"challenge_id":106,"type":"static","content":"CI{CrowdStrike}","data":"case_insensitive"},{"id":156,"challenge_id":44,"type":"static","content":"CI{Makapu\u02bbu Point Lighthouse}","data":"case_insensitive"},{"id":157,"challenge_id":45,"type":"static","content":"CI{Hanakapiai Falls}","data":"case_insensitive"},{"id":158,"challenge_id":107,"type":"static","content":"CI{i may be an idiot, sir, but there is one thing that i am not, and that, sir, is an idiot.}","data":"case_insensitive"},{"id":159,"challenge_id":108,"type":"static","content":"CI{Dogecoin}","data":"case_insensitive"},{"id":160,"challenge_id":108,"type":"static","content":"CI{Doge}","data":"case_insensitive"},{"id":161,"challenge_id":109,"type":"static","content":"CI{Blockchain}","data":"case_insensitive"},{"id":162,"challenge_id":109,"type":"static","content":"CI{Block chain}","data":"case_insensitive"},{"id":163,"challenge_id":110,"type":"static","content":"CI{' OR '1'='1'; DROP TABLE users;}","data":"case_insensitive"},{"id":164,"challenge_id":45,"type":"static","content":"CI{Hanakapiai Falls Trail}","data":"case_insensitive"},{"id":165,"challenge_id":45,"type":"static","content":"CI{Hanak\u0101p\u012b\u02bbai Falls Trail}","data":"case_insensitive"},{"id":166,"challenge_id":44,"type":"static","content":"CI{Makapuu Lighthouse Trail}","data":"case_insensitive"},{"id":167,"challenge_id":44,"type":"static","content":"CI{Makapuu Point Lighthouse Trail}","data":"case_insensitive"},{"id":168,"challenge_id":44,"type":"static","content":"CI{Makapuu Point}","data":"case_insensitive"},{"id":169,"challenge_id":44,"type":"static","content":"CI{Makapuu Point Lookout}","data":"case_insensitive"},{"id":170,"challenge_id":44,"type":"static","content":"CI{Makapu'u Point}","data":"case_insensitive"},{"id":171,"challenge_id":111,"type":"static","content":"CI{CTF{qeY80sU6Ktko8BJW}}","data":"case_insensitive"},{"id":172,"challenge_id":111,"type":"static","content":"CI{qeY80sU6Ktko8BJW}","data":"case_insensitive"},{"id":173,"challenge_id":112,"type":"static","content":"CI{CTF{g00do1dDOS-FTW}}","data":"case_insensitive"},{"id":174,"challenge_id":112,"type":"static","content":"CI{g00do1dDOS-FTW}","data":""},{"id":175,"challenge_id":113,"type":"static","content":"CI{44}","data":"case_insensitive"},{"id":176,"challenge_id":113,"type":"static","content":"CI{44 Years}","data":"case_insensitive"},{"id":177,"challenge_id":113,"type":"static","content":"CI{44Years}","data":"case_insensitive"},{"id":178,"challenge_id":21,"type":"static","content":"CI{erd19e9fh5znj20kygasqtgr627scu6upyct98694q4qnzwu46d5s5ws5ul6py}","data":"case_insensitive"},{"id":179,"challenge_id":114,"type":"static","content":"CI{CTF{fridge_cast_oauth_token_cahn4Quo}}","data":"case_insensitive"},{"id":180,"challenge_id":115,"type":"static","content":"CI{CTF{CompressionIsNotEncryption}}","data":"case_insensitive"},{"id":181,"challenge_id":116,"type":"static","content":"CI{html_h1de_fl4g}","data":"case_insensitive"},{"id":182,"challenge_id":117,"type":"static","content":"CI{AI made me imagine trojans}","data":"case_insensitive"},{"id":183,"challenge_id":118,"type":"static","content":"CI{Is this what a virus looks like?}","data":"case_insensitive"},{"id":184,"challenge_id":119,"type":"static","content":"CI{Cryptography as a warrior is dope!}","data":"case_insensitive"},{"id":185,"challenge_id":120,"type":"static","content":"CI{flag{cRypt0_c4r3fully}}","data":"case_insensitive"},{"id":186,"challenge_id":120,"type":"static","content":"CI{cRypt0_c4r3fully}","data":"case_insensitive"},{"id":187,"challenge_id":121,"type":"static","content":"CI{vigenere cipher is whack}","data":"case_insensitive"},{"id":188,"challenge_id":122,"type":"static","content":"CI{True}","data":"case_insensitive"},{"id":189,"challenge_id":123,"type":"static","content":"CI{False}","data":"case_insensitive"},{"id":190,"challenge_id":124,"type":"static","content":"CI{True}","data":"case_insensitive"},{"id":191,"challenge_id":125,"type":"static","content":"CI{True}","data":"case_insensitive"},{"id":192,"challenge_id":126,"type":"static","content":"CI{The chef cooks!}","data":"case_insensitive"},{"id":193,"challenge_id":127,"type":"static","content":"CI{Certificates are trusted}","data":"case_insensitive"},{"id":194,"challenge_id":128,"type":"static","content":"CI{flag{TheMentorArrested}}","data":"case_insensitive"},{"id":195,"challenge_id":128,"type":"static","content":"CI{TheMentorArrested}","data":"case_insensitive"},{"id":196,"challenge_id":129,"type":"static","content":"CI{T3CHN0G108@1R3IN}","data":"case_insensitive"},{"id":197,"challenge_id":130,"type":"static","content":"CI{Wh1t3_N01Z3.exe}","data":"case_insensitive"},{"id":198,"challenge_id":131,"type":"static","content":"CI{n33ha5nozixe6rrg71kgwyinmkusx2}","data":"case_insensitive"},{"id":199,"challenge_id":132,"type":"static","content":"CI{flag{the current plan is world domination}}","data":"case_insensitive"},{"id":200,"challenge_id":132,"type":"static","content":"CI{the current plan is world domination}","data":"case_insensitive"},{"id":201,"challenge_id":133,"type":"static","content":"CI{flag{SSH-2.0-9.29 FlowSsh: Bitvise SSH Server (WinSSHD) 9.29}}","data":"case_insensitive"},{"id":202,"challenge_id":133,"type":"static","content":"CI{SSH-2.0-9.29 FlowSsh: Bitvise SSH Server (WinSSHD) 9.29}","data":"case_insensitive"}],"meta":{}}