{"count":140,"results":[{"id":1,"type":"standard","challenge_id":2,"content":"What is the encoding?","cost":0,"requirements":{"prerequisites":[]}},{"id":2,"type":"standard","challenge_id":2,"content":"The encoded password is in hex, you just need to convert it back to ....","cost":2,"requirements":{"prerequisites":[1]}},{"id":3,"type":"standard","challenge_id":2,"content":"What is ISO-IR-006?","cost":3,"requirements":{"prerequisites":[2]}},{"id":4,"type":"standard","challenge_id":3,"content":"Convert Hex to Decimal number","cost":0,"requirements":{"prerequisites":[]}},{"id":5,"type":"standard","challenge_id":3,"content":"The flag is the number of bytes that the code is taking in","cost":2,"requirements":{"prerequisites":[4]}},{"id":6,"type":"standard","challenge_id":4,"content":"First figure out what is the encoded format","cost":0,"requirements":{"prerequisites":[]}},{"id":7,"type":"standard","challenge_id":4,"content":"Now do a reverse decode for the plaintext","cost":2,"requirements":{"prerequisites":[6]}},{"id":8,"type":"standard","challenge_id":4,"content":"https://www.rapidtables.com/","cost":4,"requirements":{"prerequisites":[7]}},{"id":9,"type":"standard","challenge_id":5,"content":"First figure out what is the encoded format","cost":0,"requirements":{"prerequisites":[]}},{"id":10,"type":"standard","challenge_id":5,"content":"Now do a reverse decode for the plaintext","cost":2,"requirements":{"prerequisites":[9]}},{"id":11,"type":"standard","challenge_id":5,"content":"https://www.rapidtables.com/","cost":4,"requirements":{"prerequisites":[10]}},{"id":12,"type":"standard","challenge_id":6,"content":"Julius Ceasar used this basic cipher to encode his messages.","cost":0,"requirements":{"prerequisites":[]}},{"id":13,"type":"standard","challenge_id":6,"content":"What is a shift cipher?","cost":2,"requirements":{"prerequisites":[]}},{"id":14,"type":"standard","challenge_id":6,"content":"https://cryptii.com/","cost":4,"requirements":{"prerequisites":[13]}},{"id":15,"type":"standard","challenge_id":7,"content":"LOL! There should be no hints since you should already know what cipher was used for this challenge. Think very very hard.","cost":0,"requirements":{"prerequisites":[]}},{"id":16,"type":"standard","challenge_id":8,"content":"The encoded string is using a Base number system.","cost":0,"requirements":{"prerequisites":[]}},{"id":17,"type":"standard","challenge_id":9,"content":"There are no hints for this one. Good luck!","cost":0,"requirements":{"prerequisites":[]}},{"id":18,"type":"standard","challenge_id":10,"content":"This is morse code","cost":0,"requirements":{"prerequisites":[]}},{"id":19,"type":"standard","challenge_id":10,"content":"\thttps://morsedecoder.com/","cost":4,"requirements":{"prerequisites":[18]}},{"id":20,"type":"standard","challenge_id":11,"content":"Encode the text into ROT13","cost":2,"requirements":{"prerequisites":[]}},{"id":21,"type":"standard","challenge_id":12,"content":"You can use a hash analyzer like:\nhttps://www.tunnelsup.com/hash-analyzer/","cost":0,"requirements":{"prerequisites":[]}},{"id":22,"type":"standard","challenge_id":13,"content":"This is a type of system of touch reading and writing that blind people use. ","cost":0,"requirements":{"prerequisites":[]}},{"id":23,"type":"standard","challenge_id":13,"content":"https://www.dcode.fr/en","cost":2,"requirements":{"prerequisites":[]}},{"id":24,"type":"standard","challenge_id":14,"content":"Columnar Transposition Cipher","cost":0,"requirements":{"prerequisites":[]}},{"id":25,"type":"standard","challenge_id":14,"content":"https://www.dcode.fr/columnar-transposition-cipher","cost":0,"requirements":{"prerequisites":[24]}},{"id":26,"type":"standard","challenge_id":15,"content":"First identify the cipher. You may use [DCode Cipher Identifier](https://www.dcode.fr/cipher-identifier).","cost":1,"requirements":{"prerequisites":[]}},{"id":27,"type":"standard","challenge_id":16,"content":"This script can be used in PowerShell.","cost":0,"requirements":{"prerequisites":[]}},{"id":28,"type":"standard","challenge_id":16,"content":"When you run the script in PowerShell, you are given the hash. However, if you tweak the final line on the script you can figure out the algorithm used. ","cost":4,"requirements":{"prerequisites":[27]}},{"id":29,"type":"standard","challenge_id":18,"content":"Read the question very carefully...","cost":0,"requirements":{"prerequisites":[]}},{"id":30,"type":"standard","challenge_id":18,"content":"No really, read the question very carefully...","cost":0,"requirements":{"prerequisites":[29]}},{"id":31,"type":"standard","challenge_id":18,"content":"The hex string is an RC4 stream cipher.  You'll need a passphrase to get the clear text flag.  Try different words (maybe from the question *wink *wink*) as the passphrase...","cost":2,"requirements":{"prerequisites":[30]}},{"id":32,"type":"standard","challenge_id":19,"content":"There are other ways to understand a program than just running it.","cost":0,"requirements":{"prerequisites":[]}},{"id":33,"type":"standard","challenge_id":19,"content":"Can you find the strings in the file? ","cost":2,"requirements":{"prerequisites":[32]}},{"id":34,"type":"standard","challenge_id":19,"content":"There are a couple ways to read the output.  The strings in the file would contain additional information than just the programming used for the application. \n\nAs this is a basic application, if you view the strings in order you can find the program logic grouped together. Can you find where the program outputs the denied or accepted input?","cost":4,"requirements":{"prerequisites":[33]}},{"id":35,"type":"standard","challenge_id":20,"content":"PyArmor obfuscates the source code.  Is there a way to see what its doing while it runs?","cost":0,"requirements":{"prerequisites":[]}},{"id":36,"type":"standard","challenge_id":20,"content":"Running the code interactively in the Python CLI can help you figure out what functions are available.  Are there any useful functions available?","cost":5,"requirements":{"prerequisites":[35]}},{"id":37,"type":"standard","challenge_id":21,"content":"Ghidra helps.","cost":0,"requirements":{"prerequisites":[]}},{"id":38,"type":"standard","challenge_id":21,"content":"Look for the \"main\" function.","cost":5,"requirements":{"prerequisites":[37]}},{"id":39,"type":"standard","challenge_id":21,"content":"XOR decoding is not needed when you find the hexadecimal values.  Hex to string converters help.  erd1 is a part of the flag.","cost":5,"requirements":{"prerequisites":[38]}},{"id":40,"type":"standard","challenge_id":22,"content":"The metadata may be useful to look at.","cost":0,"requirements":{"prerequisites":[]}},{"id":41,"type":"standard","challenge_id":23,"content":"The metadata may be useful to look at.","cost":2,"requirements":{"prerequisites":[]}},{"id":42,"type":"standard","challenge_id":23,"content":"Mirror mirror on the wall, what does this image hide for all?","cost":4,"requirements":{"prerequisites":[41]}},{"id":43,"type":"standard","challenge_id":24,"content":"View the file. Is this really a text file?","cost":0,"requirements":{"prerequisites":[]}},{"id":44,"type":"standard","challenge_id":24,"content":"If this is not a text file, what would you change this to?","cost":2,"requirements":{"prerequisites":[43]}},{"id":45,"type":"standard","challenge_id":26,"content":"Use packet capturing tools such as tcpdump or wireshark to analyze  the associated .pcap file for this challenge.","cost":0,"requirements":{"prerequisites":[]}},{"id":46,"type":"standard","challenge_id":26,"content":"It is a common phrase throughout the movie to allow people to access memories.","cost":1,"requirements":{"prerequisites":[45]}},{"id":47,"type":"standard","challenge_id":26,"content":"I am ___ and you have my consent.","cost":1,"requirements":{"prerequisites":[46]}},{"id":48,"type":"standard","challenge_id":27,"content":"Use packet capturing tools such as tcpdump or wireshark to analyze  the associated .pcap file for this challenge.","cost":0,"requirements":{"prerequisites":[]}},{"id":49,"type":"standard","challenge_id":27,"content":"Two common hack methods are being used.","cost":1,"requirements":{"prerequisites":[48]}},{"id":50,"type":"standard","challenge_id":27,"content":"One hack overwhelms the target.  The other does something remotely.","cost":1,"requirements":{"prerequisites":[49]}},{"id":51,"type":"standard","challenge_id":28,"content":"To create a webpage, it requires you media files, HTML files and CSS files.","cost":0,"requirements":{"prerequisites":[]}},{"id":52,"type":"standard","challenge_id":28,"content":"Have you tried looking for hidden files?","cost":3,"requirements":{"prerequisites":[51]}},{"id":53,"type":"standard","challenge_id":30,"content":"On a computer there are many types of extensions that is classified as a file. ","cost":0,"requirements":{"prerequisites":[]}},{"id":54,"type":"standard","challenge_id":36,"content":"The address should begin with http://","cost":0,"requirements":{"prerequisites":[]}},{"id":55,"type":"standard","challenge_id":39,"content":"Follow the stream and see what they did...\n\nIs there a way to *export* the file they stole?","cost":0,"requirements":{"prerequisites":[]}},{"id":56,"type":"standard","challenge_id":39,"content":"\t\nJohn the Ripper is able to crack zip file passwords, but only if the file is in the right format.  Maybe there's a way 2 convert it 2john","cost":4,"requirements":{"prerequisites":[55]}},{"id":57,"type":"standard","challenge_id":40,"content":"The capture contains ICMP Data Exfiltration, where the file that was taken was sent via ICMP Echo Requests.  You'll need to extract the data portion of the traffic and decode it (maybe more than once) to view the file.  Scapy is a great tool for this task.\n\nNote: You only need the data from either ICMP Echo Request or ICMP Echo Reply, since ICMP Echo Reply packets send back the same data from the ICMP Echo Request.","cost":0,"requirements":{"prerequisites":[]}},{"id":58,"type":"standard","challenge_id":40,"content":"You can extract the payload data from PCAP using a script like this (you'll need to modify it to work in this specific situation)\n\n```\nfrom scapy.all import rdpcap, ICMP\n\ndef extract_icmp_data_from_pcap(pcap_file):\n    # Read packets from the PCAP file\n    packets = rdpcap(pcap_file)\n    \n    # Process each packet\n    for packet in packets:\n        if packet.haslayer(ICMP):\n            # Check if the ICMP type is 8 (Echo Request)\n            if packet[ICMP].type == 8:\n                # Extract and print the data payload\n                data = packet.load if hasattr(packet, 'load') else 'No data'\n                print(\"ICMP Echo Request Data:\", data)\n\ndef main():\n    pcap_file = 'path_to_your_pcap_file.pcap'  # Specify the path to your PCAP file\n    print(\"Starting ICMP data extraction from PCAP...\")\n    extract_icmp_data_from_pcap(pcap_file)\n\nif __name__ == \"__main__\":\n    main()\n```\n\nInstead of printing to the screen, you'll need to save the data to a variable and convert it to regular text.","cost":5,"requirements":{"prerequisites":[57]}},{"id":59,"type":"standard","challenge_id":40,"content":"The data is Base64 data encoded in Hexidecimal.  You'll need to extract the data (in the right order) to view the cleartext.","cost":2,"requirements":{"prerequisites":[58]}},{"id":60,"type":"standard","challenge_id":40,"content":"Strings that look like this `b'sometext'` are known as byte strings in Python.   You'll need to convert it to UTF-8 or ASCII.","cost":2,"requirements":{"prerequisites":[59]}},{"id":61,"type":"standard","challenge_id":43,"content":"There are various ways to view a database. You can use a database viewer to see the contents of the file.","cost":0,"requirements":{"prerequisites":[]}},{"id":62,"type":"standard","challenge_id":43,"content":"The content needs to be decoded. Is there a tool that can help you figure out how it's encoded?","cost":4,"requirements":{"prerequisites":[61]}},{"id":63,"type":"standard","challenge_id":59,"content":"Sorry no hints for this one. It's OSINT so good luck! Maybe you should listen in on the staff to see if you can extract hints from their conversations.","cost":0,"requirements":{"prerequisites":[]}},{"id":64,"type":"standard","challenge_id":61,"content":"Cisco Password Crack","cost":2,"requirements":{"prerequisites":[]}},{"id":65,"type":"standard","challenge_id":60,"content":"Cisco Password Crack","cost":2,"requirements":{"prerequisites":[]}},{"id":66,"type":"standard","challenge_id":62,"content":"We were told that the domain administrator had breathing problems and one of their relatives is named B. Solo.","cost":0,"requirements":{"prerequisites":[]}},{"id":67,"type":"standard","challenge_id":63,"content":"You need to view the contents of the database. There are various tools to view the file.","cost":0,"requirements":{"prerequisites":[]}},{"id":68,"type":"standard","challenge_id":63,"content":"Password recovery tools like Hashcat have multiple options of attacks to recover passwords. Look at the different attack options and see if there is one that can help you.","cost":3,"requirements":{"prerequisites":[67]}},{"id":69,"type":"standard","challenge_id":64,"content":"Passwords are not just words. Common characters to add at the start or the end of passwords are numbers and special characters.","cost":5,"requirements":{"prerequisites":[]}},{"id":70,"type":"standard","challenge_id":65,"content":"https://www.constellation-guide.com/constellation-list/","cost":0,"requirements":{"prerequisites":[]}},{"id":71,"type":"standard","challenge_id":70,"content":"The bug in the code has to do with **Memory Deallocation**.  You will need to figure out what is the type of **Memory Deallocation** vulnerability that exists in the code. ","cost":0,"requirements":{"prerequisites":[]}},{"id":72,"type":"standard","challenge_id":70,"content":"\t*Memory leaks* happens when you allocate memory but don't release it back to the system when you are done using it. It's not really a security vulnerability, however memory leaks could lead to performance issues and crashes in the program and system that is processing it. ","cost":4,"requirements":{"prerequisites":[71]}},{"id":73,"type":"standard","challenge_id":71,"content":"The bug in the code has to do with **Memory Access and Allocation**.  There are only a *couple* of variables that are in use for this code. ","cost":0,"requirements":{"prerequisites":[]}},{"id":74,"type":"standard","challenge_id":71,"content":"The issue with the code is that it allocates memory that is pointed by one of the variables. Then it deallocates that memory pointed by that variable. However the previously freed memory could be overwritten with something else by another part of the program. Accessing freed memory leads to unexpected bahavior.","cost":2,"requirements":{"prerequisites":[73]}},{"id":75,"type":"standard","challenge_id":71,"content":"The variables in the code are **ptr_a** and **ptr_b**, however the code deallocates **ptr_a** and tries to access it again. The code should not be able to do this, thus **ptr_a** is the variable in question. \n\nWe can mitigate the issue by adding the following line of code after showing **ptr_b**.\n\nif (ptr_a) {\n    printf(\"%p = %d\\n\", (void *) ptr_a, *ptr_a);\n}\n\nThis vulnerability is called **Use After Free**, which is a well known vulnerability that has been exploited in the past.","cost":5,"requirements":{"prerequisites":[74]}},{"id":76,"type":"standard","challenge_id":85,"content":"Sometimes emails may not contain hidden messages in the body. They could be encoded into file attachments.","cost":1,"requirements":{"prerequisites":[]}},{"id":77,"type":"standard","challenge_id":85,"content":"https://stylesuxx.github.io/steganography/","cost":3,"requirements":{"prerequisites":[76]}},{"id":78,"type":"standard","challenge_id":86,"content":"This challenge is broken into a few parts. Read the challenge carefully in order to figure out the first part of the challenge. \n\nThe remaining parts of the challenge is quite easy.\n\nNote: Hint #2 is if you get stuck on the first part. Do not unlock Hint #3 if you haven't figured out the first part.","cost":1,"requirements":{"prerequisites":[]}},{"id":79,"type":"standard","challenge_id":86,"content":"Rename the extension from **txt** to **png** then upload it to decode the hidden message.","cost":2,"requirements":{"prerequisites":[78]}},{"id":80,"type":"standard","challenge_id":86,"content":"You can't actually reverse a hash since hashing is a one-way deal. Encase the hash with **CI{}** as the flag.","cost":3,"requirements":{"prerequisites":[79]}},{"id":81,"type":"standard","challenge_id":87,"content":"Change .zip to .png. However sometimes it's in **meta** for things you don't normally look at.","cost":2,"requirements":{"prerequisites":[]}},{"id":82,"type":"standard","challenge_id":87,"content":"Use an online EXIF Viewer and upload the image to it. Examine the properties and find the flag. ","cost":3,"requirements":{"prerequisites":[81]}},{"id":83,"type":"standard","challenge_id":93,"content":"The word begins with a \"B\"","cost":0,"requirements":{"prerequisites":[]}},{"id":84,"type":"standard","challenge_id":47,"content":"First figure out the cipher used and decrypt it. However, this challenge has a small twist.\n\nHint #2 is if you still can't figure out the cipher used to encrypt the message.\n\nHint #3 is if you figured out the cipher and need to decrypt the last part.","cost":0,"requirements":{"prerequisites":[]}},{"id":85,"type":"standard","challenge_id":47,"content":"The Modulo Cipher was used to encrypt the message. However you will need to know the Modulo N parameter. Figure it out to decrypt the cipher.","cost":2,"requirements":{"prerequisites":[84]}},{"id":86,"type":"standard","challenge_id":47,"content":"So you figured out that the Modulo Cipher was used and the Modulo N number is 1. You are given a garbled string. You will need to figure out the next cipher used to encrypt it and decrypt it. There are no special parameters for this next cipher and it uses common parameters.","cost":3,"requirements":{"prerequisites":[84]}},{"id":87,"type":"standard","challenge_id":49,"content":"The Mexican Army Cipher Wheel requires the encrypted string and the positional parameters. \n\nFigure out the positional parameters to obtain the hint. Read the challenge and find the positional parameters.","cost":2,"requirements":{"prerequisites":[]}},{"id":88,"type":"standard","challenge_id":50,"content":"This is a RLE (Run-Length Encoding) cipher. Find a decrypter to decode the string.","cost":0,"requirements":{"prerequisites":[]}},{"id":89,"type":"standard","challenge_id":49,"content":"The positional parameter is **OPEN**","cost":3,"requirements":{"prerequisites":[87]}},{"id":90,"type":"standard","challenge_id":107,"content":"You may want to look into decoding XOR Ciphers.","cost":0,"requirements":{"prerequisites":[]}},{"id":91,"type":"standard","challenge_id":107,"content":"https://www.dcode.fr/xor-cipher","cost":2,"requirements":{"prerequisites":[90]}},{"id":92,"type":"standard","challenge_id":107,"content":"To decrypt the message, you will need to know what was used in conjunction to encrypt it. It may be an automatic parameter, binary key, hexadecimal key, ASCII key, or something else. \n\nThe next hint you buy will give out the key with a twist but a hint to the key below:\n\n> I may be an idiot, sir, but there is one thing that I am not, and that, sir, is an idiot.","cost":0,"requirements":{"prerequisites":[91]}},{"id":93,"type":"standard","challenge_id":107,"content":"The key is:\n\n44 45 41 44 50 4F 4F 4C\n\nYou will need to figure this out, there is a twist to this key though lol!\n\nThe last and final hint after this will give out the key in plaintext but for a hefty price.","cost":3,"requirements":{"prerequisites":[92]}},{"id":94,"type":"standard","challenge_id":107,"content":"The key is:\n\nDEADPOOL","cost":4,"requirements":{"prerequisites":[93]}},{"id":95,"type":"standard","challenge_id":108,"content":"Woof woof!","cost":0,"requirements":{"prerequisites":[]}},{"id":96,"type":"standard","challenge_id":110,"content":"SQL is quite vulnerable right?","cost":2,"requirements":{"prerequisites":[]}},{"id":97,"type":"standard","challenge_id":111,"content":"Read about binwalk, a tool packaged with Kali Linux. \n\nNext hint is if you can't get binwalk to work for you or is having a hard time figuring it out. ","cost":0,"requirements":{"prerequisites":[]}},{"id":98,"type":"standard","challenge_id":111,"content":"This challenge may call for the use of binwalk, but an easier solution is to use something that your computer may already can do. What do you get when you think or archived files?","cost":3,"requirements":{"prerequisites":[97]}},{"id":99,"type":"standard","challenge_id":112,"content":"That world wide web file seems suspicious right?","cost":4,"requirements":{"prerequisites":[]}},{"id":100,"type":"standard","challenge_id":113,"content":"The answer will just be a number.","cost":0,"requirements":{"prerequisites":[]}},{"id":101,"type":"standard","challenge_id":113,"content":"Find the year that \"Friday the 13th\" was released and minus the current year to find out the number.","cost":2,"requirements":{"prerequisites":[100]}},{"id":102,"type":"standard","challenge_id":114,"content":"What kind of attacks are databases prone to, especially when they are hosted online as a backend piece to a system?","cost":2,"requirements":{"prerequisites":[]}},{"id":103,"type":"standard","challenge_id":114,"content":"First select to add a song\nThen when it asks for the artist name you will input:\n'\nWhen it asks for a song name, you will input:\n'","cost":2,"requirements":{"prerequisites":[102]}},{"id":104,"type":"standard","challenge_id":114,"content":"Now you will be asked to make a selection again, this time we will shuffle the artist.\nInput:\n'\n\nYou will see some output errors but that is okay. Continue running the program.","cost":2,"requirements":{"prerequisites":[103]}},{"id":105,"type":"standard","challenge_id":114,"content":"Now running the program again, we will add an artist to the program.\n\nArtist name:\ntest' UNION SELECT name, name FROM sqlite_master WHERE type='table\n\nSong name:\na\n","cost":2,"requirements":{"prerequisites":[104]}},{"id":106,"type":"standard","challenge_id":114,"content":"Now we will shuffle the artist with this input:\n\ntest' UNION SELECT name, name FROM sqlite_master WHERE type='table\n\n\nYou should see some new things for the menu selection.","cost":2,"requirements":{"prerequisites":[105]}},{"id":107,"type":"standard","challenge_id":120,"content":"Review the code file and take note of what it does and how it does. \n\nDo you know what the definition of a **nonce**?","cost":0,"requirements":{"prerequisites":[]}},{"id":108,"type":"standard","challenge_id":120,"content":"Read about ECDSA [here](https://en.wikipedia.org/wiki/Elliptic_Curve_Digital_Signature_Algorithm#Signature_generation_algorithm).","cost":0,"requirements":{"prerequisites":[107]}},{"id":109,"type":"standard","challenge_id":120,"content":"So we know that the definition of a nonce means \"number used once\". If two signatures have the same nonce, an attacker may uncover the private key (variable called \"secret\"). \n\nWhen the private key is uncovered, obtaining the flag is easy. \n\nAlso read up about **modulo arithmetic**, especially **modulo division**.\n\nAlso read about [**Modulo Inverse**](https://rosettacode.org/wiki/Modular_inverse) and how to perform certain arithmetic calculations/functions.","cost":2,"requirements":{"prerequisites":[107,108]}},{"id":110,"type":"standard","challenge_id":121,"content":"We know that the flag is \"CI{}\" so you can tell where the location of the flag. However we want to use the entire message to decrypt in order to obtain the correct flag. \n\nAttempting to decrypt just encrypted flag will yield mixed results.","cost":0,"requirements":{"prerequisites":[]}},{"id":111,"type":"standard","challenge_id":121,"content":"The Vigenere Cipher was used to encrypt the message. ","cost":2,"requirements":{"prerequisites":[110]}},{"id":112,"type":"standard","challenge_id":121,"content":"You can go to here to [decrypt](https://www.dcode.fr/vigenere-cipher) the message.\n\n","cost":3,"requirements":{"prerequisites":[111]}},{"id":113,"type":"standard","challenge_id":126,"content":"Figure out the encoding","cost":0,"requirements":{"prerequisites":[]}},{"id":114,"type":"standard","challenge_id":126,"content":"This is Base64 encoding do decode it","cost":2,"requirements":{"prerequisites":[113]}},{"id":115,"type":"standard","challenge_id":126,"content":"The output is Hex encoded so reverse the hex string","cost":3,"requirements":{"prerequisites":[114]}},{"id":116,"type":"standard","challenge_id":127,"content":"The file is a Certificate Signing Request","cost":0,"requirements":{"prerequisites":[]}},{"id":117,"type":"standard","challenge_id":127,"content":"The contents of a CSR can be viewed in any notepad editor but you will need to somehow read it....","cost":2,"requirements":{"prerequisites":[116]}},{"id":118,"type":"standard","challenge_id":127,"content":"Go to [sslshopper](https://www.sslshopper.com/csr-decoder.html)","cost":3,"requirements":{"prerequisites":[117]}},{"id":119,"type":"standard","challenge_id":128,"content":"Take a hexdump (hd) of the file to read it, you will notice that parts of it is readable and parts are encoded...\n\nIn Windows, use PowerShell (Get-Content or Format-Hex. There are other functions you can use in PowerShell). In Linux/Unix, use the command **hd**.","cost":0,"requirements":{"prerequisites":[]}},{"id":120,"type":"standard","challenge_id":128,"content":"You should be able to take parts of the plaintext and search for the original manifest.\n\n[The Conscience of a Hacker](https://phrack.org/issues/7/3.html)\n\nNow you have the original plaintext of the manifest. So do some deduction on what characters could be missing.","cost":3,"requirements":{"prerequisites":[119]}},{"id":121,"type":"standard","challenge_id":128,"content":"Download this [file](https://cyber-ike.github.io/cyberstrike-site/challfiles/their_manifest_program.py).\n\nIt might help you solve this challenge","cost":12,"requirements":{"prerequisites":[120]}},{"id":122,"type":"standard","challenge_id":129,"content":"Look at the title carefully, doesn't it remind you of something back in the basics of something? Maybe on or off?","cost":0,"requirements":{"prerequisites":[]}},{"id":123,"type":"standard","challenge_id":129,"content":"Looking at the title you will notice 0 and 1 which represents binary","cost":1,"requirements":{"prerequisites":[122]}},{"id":124,"type":"standard","challenge_id":129,"content":"Think of the colors as representing 0s and 1s. But wait a minute! There are more colors than what can be used to represent 0 and 1. Think of the colors as pairs.... to decode the message.","cost":2,"requirements":{"prerequisites":[123]}},{"id":125,"type":"standard","challenge_id":129,"content":"First decode the message horizontally from top to bottom. Convert the binary to ASCII.","cost":3,"requirements":{"prerequisites":[124]}},{"id":126,"type":"standard","challenge_id":129,"content":"The last part is to decode the message vertically from left to right. Then convert binary to ASCII.","cost":3,"requirements":{"prerequisites":[125]}},{"id":127,"type":"standard","challenge_id":130,"content":"Download the files and open the audio file using Audacity.","cost":0,"requirements":{"prerequisites":[]}},{"id":128,"type":"standard","challenge_id":130,"content":"Use the spectrogram option in Audacity and trim off parts of the audio to inspect.","cost":3,"requirements":{"prerequisites":[127]}},{"id":129,"type":"standard","challenge_id":130,"content":"Now you see some string of text from the audio clip in Audacity. That is the password to open the document file.","cost":5,"requirements":{"prerequisites":[128]}},{"id":130,"type":"standard","challenge_id":131,"content":"We need to located the address of the Bitcoin wallet. \n\nLook into the code and find anything that reference an address.","cost":0,"requirements":{"prerequisites":[]}},{"id":131,"type":"standard","challenge_id":131,"content":"Look for the variable:\n$global:BtcWalletAddress\n\nYou should see a string and you know that it's in Base64.","cost":2,"requirements":{"prerequisites":[130]}},{"id":132,"type":"standard","challenge_id":131,"content":"User CyberChef to decode the Base64 string and you will get another string that doesn't look like a flag but that is the flag.","cost":3,"requirements":{"prerequisites":[131]}},{"id":133,"type":"standard","challenge_id":132,"content":"When you try to run the script you will get a bunch of errors.\n\nYou will need to fix up the script by resolving those errors first.\n\nThen modify the script.","cost":0,"requirements":{"prerequisites":[]}},{"id":134,"type":"standard","challenge_id":132,"content":"At the top of the script be sure to input:\nimport base64\n\nThen we see there is a comment mentioning a recovery key. Uncomment it and assign that string as the variale \"p\".\n\nNow modify the script to decode and print the flag for you.","cost":3,"requirements":{"prerequisites":[133]}},{"id":135,"type":"standard","challenge_id":132,"content":"We know that we need to solve for \"n\" and that will be n=8 which will give us a Base64 string. \n\nNow write a loop that will use the left_shift function.","cost":3,"requirements":{"prerequisites":[134]}},{"id":136,"type":"standard","challenge_id":132,"content":"The added part to the script should be something like this:\n\ns = ''\nfor c in p:\n    s += left_shift(c, 8)\n\t\t\nNow you need to figure out how to print the decoded string \"s\".","cost":5,"requirements":{"prerequisites":[135]}},{"id":137,"type":"standard","challenge_id":132,"content":"To print the output:\n\nprint(s)\nprint(base64.b64decode(s))\n\n[Completed Script](https://cyber-ike.github.io/csdev-site/challenges/drop_dead_and_roll/dropdead_and_roll-solution.py)\n","cost":2,"requirements":{"prerequisites":[136]}},{"id":138,"type":"standard","challenge_id":133,"content":"Download the PCAP file (it is compressed so uncompress it).\n\nThen open the PCAP file.","cost":0,"requirements":{"prerequisites":[]}},{"id":139,"type":"standard","challenge_id":133,"content":"There is a lot of packets but we are only interested in SSH traffic, so filter the output to just SSH traffic.","cost":2,"requirements":{"prerequisites":[138]}},{"id":140,"type":"standard","challenge_id":133,"content":"You should now have a filtered result of SSH only output. Now filter again to keep only SSH versions \"SSH-\"","cost":3,"requirements":{"prerequisites":[139]}}],"meta":{}}