{"count":1,"results":[{"id":1,"title":"","route":"index","content":"<div class=\"row\">\r\n    <div class=\"col-md-6 offset-md-3\">\r\n        <img class=\"w-100 mx-auto d-block\" style=\"max-width: 70%;padding-top: 3vh;\" src=\"/files/6c24217d63aba8a199689f53aac140d9/Transparent_Background_file.png\" />\r\n  </div>\r\n</div>\r\n<br/>\r\n<br/>\r\n<br/>\r\n<br/>\r\n<p class=\"text-center\">\r\nAloha and welcome to CyberStrike CTF by Cyber 'Ike<br/>\r\nEnjoy showcasing your Cyber Security skills in this competition.<br/><br/>\r\nPlease visit our <a href=\"https://cyber-ike.github.io/cyberstrike-site/\" target=\"_blank\" rel=\"noopener noreferrer\">GitHub Page</a> for additional information.<br/><br/>\r\nVisit our <a href=\"https://cyberike.com\" target=\"_blank\" rel=\"noopener noreferrer\">website</a> or contact us at cyberstrike@cyberike.com.\r\n</p>\r\n<br/>\r\n<br/>\r\n<br/>","draft":0,"hidden":0,"auth_required":0,"format":"markdown","link_target":null}],"meta":{}}