{"count":4,"results":[{"id":1,"challenge_id":43,"user_id":2,"team_id":null,"ip":"162.158.41.206","provided":"CI{andorviewer1998+zoom@gmail.com:zoompresenter1234}","type":"correct","date":"2024-09-11T07:23:05.132527"},{"id":2,"challenge_id":130,"user_id":2,"team_id":null,"ip":"162.158.41.207","provided":"CI{Wh1t3_N01Z3.exe}","type":"correct","date":"2024-09-11T07:25:22.743093"},{"id":3,"challenge_id":116,"user_id":2,"team_id":null,"ip":"162.158.41.207","provided":"html_h1de_fl4g","type":"incorrect","date":"2024-09-11T07:29:11.735821"},{"id":4,"challenge_id":116,"user_id":2,"team_id":null,"ip":"162.158.41.207","provided":"CI{html_h1de_fl4g}","type":"correct","date":"2024-09-11T07:29:42.260345"}],"meta":{}}