{"count":3,"results":[{"id":1,"oauth_id":null,"name":"ctfadmin","password":"$bcrypt-sha256$v=2,t=2b,r=12$MPvCkwEV/G15/TFH4.FoQ.$UZ1Iu1qSA7ji3S5HjoNO/SBaiJJcX3e","email":"info@cyberike.com","type":"admin","secret":null,"website":null,"affiliation":null,"country":null,"hidden":1,"banned":0,"verified":1,"team_id":null,"created":"2024-09-02T00:40:19.185167","language":null,"bracket_id":null},{"id":2,"oauth_id":null,"name":"spiritstep","password":"$bcrypt-sha256$v=2,t=2b,r=12$GX/.gBF/8lsg311fCBqXme$nyVQg4ngcL96qzXxyruaMknqhGqGT6m","email":"elliot4@hawaii.edu","type":"admin","secret":null,"website":null,"affiliation":null,"country":null,"hidden":1,"banned":0,"verified":1,"team_id":null,"created":"2024-09-06T03:59:01.300401","language":null,"bracket_id":null},{"id":3,"oauth_id":null,"name":"ogdev","password":"$bcrypt-sha256$v=2,t=2b,r=12$aIJpI82TQpqXPk3HOfliIu$XJd92tqHVttZiq4uF7gdUIEmd.dqPle","email":"orlando.galindo.edu@gmail.com","type":"admin","secret":null,"website":null,"affiliation":null,"country":null,"hidden":1,"banned":0,"verified":1,"team_id":null,"created":"2024-09-07T20:00:02.494092","language":null,"bracket_id":null}],"meta":{}}