{"count":4,"results":[{"id":1,"user_id":2,"team_id":null,"name":"Hint 128","description":"Hint for Tincture Balloons","date":"2024-09-11T07:23:27.985157","value":-3,"category":"hints","icon":null,"requirements":null,"type":"standard"},{"id":2,"user_id":2,"team_id":null,"name":"Hint 129","description":"Hint for Tincture Balloons","date":"2024-09-11T07:25:48.155964","value":-5,"category":"hints","icon":null,"requirements":null,"type":"standard"},{"id":3,"user_id":2,"team_id":null,"name":"Hint 139","description":"Hint for Creeper","date":"2024-09-11T07:51:00.339976","value":-2,"category":"hints","icon":null,"requirements":null,"type":"standard"},{"id":4,"user_id":2,"team_id":null,"name":"Hint 140","description":"Hint for Creeper","date":"2024-09-11T07:51:05.625322","value":-3,"category":"hints","icon":null,"requirements":null,"type":"standard"}],"meta":{}}