{"count":41,"results":[{"id":5,"user_id":3,"team_id":null,"name":"Hint 20","description":"Hint for Does AI celebrate Friday the 13th","date":"2024-10-19T20:11:01.712921","value":-2,"category":"hints","icon":null,"requirements":null,"type":"standard"},{"id":6,"user_id":3,"team_id":null,"name":"Hint 26","description":"Hint for I can't believe it's not Bacon","date":"2024-10-19T20:17:03.730177","value":-1,"category":"hints","icon":null,"requirements":null,"type":"standard"},{"id":7,"user_id":3,"team_id":null,"name":"Hint 31","description":"Hint for jedi_council_official is live","date":"2024-10-19T20:20:33.375007","value":-2,"category":"hints","icon":null,"requirements":null,"type":"standard"},{"id":8,"user_id":3,"team_id":null,"name":"Hint 7","description":"Hint for TextMex","date":"2024-10-19T20:26:43.082297","value":-2,"category":"hints","icon":null,"requirements":null,"type":"standard"},{"id":9,"user_id":3,"team_id":null,"name":"Hint 8","description":"Hint for TextMex","date":"2024-10-19T20:26:47.587923","value":-4,"category":"hints","icon":null,"requirements":null,"type":"standard"},{"id":10,"user_id":3,"team_id":null,"name":"Hint 10","description":"Hint for TextBin","date":"2024-10-19T20:28:10.597547","value":-2,"category":"hints","icon":null,"requirements":null,"type":"standard"},{"id":11,"user_id":3,"team_id":null,"name":"Hint 11","description":"Hint for TextBin","date":"2024-10-19T20:28:13.798796","value":-4,"category":"hints","icon":null,"requirements":null,"type":"standard"},{"id":12,"user_id":2,"team_id":null,"name":"Hint 25","description":"Hint for Reality is a thing of the past","date":"2024-10-19T20:40:56.426473","value":-2,"category":"hints","icon":null,"requirements":null,"type":"standard"},{"id":13,"user_id":2,"team_id":null,"name":"Hint 26","description":"Hint for I can't believe it's not Bacon","date":"2024-10-19T20:42:26.918927","value":-2,"category":"hints","icon":null,"requirements":null,"type":"standard"},{"id":14,"user_id":2,"team_id":null,"name":"Hint 31","description":"Hint for jedi_council_official is live","date":"2024-10-19T20:47:15.310454","value":-2,"category":"hints","icon":null,"requirements":null,"type":"standard"},{"id":15,"user_id":2,"team_id":null,"name":"Hint 7","description":"Hint for TextMex","date":"2024-10-19T20:48:27.357137","value":-2,"category":"hints","icon":null,"requirements":null,"type":"standard"},{"id":16,"user_id":2,"team_id":null,"name":"Hint 8","description":"Hint for TextMex","date":"2024-10-19T20:48:35.540203","value":-4,"category":"hints","icon":null,"requirements":null,"type":"standard"},{"id":17,"user_id":3,"team_id":null,"name":"Hint 216","description":"Hint for Having buddies are the best","date":"2024-10-19T20:48:38.871616","value":-3,"category":"hints","icon":null,"requirements":null,"type":"standard"},{"id":18,"user_id":2,"team_id":null,"name":"Hint 10","description":"Hint for TextBin","date":"2024-10-19T20:50:56.490442","value":-2,"category":"hints","icon":null,"requirements":null,"type":"standard"},{"id":19,"user_id":2,"team_id":null,"name":"Hint 11","description":"Hint for TextBin","date":"2024-10-19T20:50:58.621153","value":-4,"category":"hints","icon":null,"requirements":null,"type":"standard"},{"id":20,"user_id":2,"team_id":null,"name":"Hint 13","description":"Hint for I like to rotate couple and a few times","date":"2024-10-19T20:53:10.262421","value":-2,"category":"hints","icon":null,"requirements":null,"type":"standard"},{"id":21,"user_id":2,"team_id":null,"name":"Hint 14","description":"Hint for I like to rotate couple and a few times","date":"2024-10-19T20:53:12.035725","value":-4,"category":"hints","icon":null,"requirements":null,"type":"standard"},{"id":22,"user_id":2,"team_id":null,"name":"Hint 216","description":"Hint for Having buddies are the best","date":"2024-10-19T20:56:54.334311","value":-3,"category":"hints","icon":null,"requirements":null,"type":"standard"},{"id":23,"user_id":3,"team_id":null,"name":"Hint 19","description":"Hint for Do robots have souls","date":"2024-10-19T21:09:23.186433","value":-4,"category":"hints","icon":null,"requirements":null,"type":"standard"},{"id":24,"user_id":3,"team_id":null,"name":"Hint 28","description":"Hint for I need that blue shell bro","date":"2024-10-19T21:10:05.891319","value":-4,"category":"hints","icon":null,"requirements":null,"type":"standard"},{"id":25,"user_id":2,"team_id":null,"name":"Hint 28","description":"Hint for I need that blue shell bro","date":"2024-10-19T21:11:21.479729","value":-4,"category":"hints","icon":null,"requirements":null,"type":"standard"},{"id":26,"user_id":3,"team_id":null,"name":"Hint 94","description":"Hint for ExOR","date":"2024-10-19T21:11:56.733099","value":-4,"category":"hints","icon":null,"requirements":null,"type":"standard"},{"id":27,"user_id":3,"team_id":null,"name":"Hint 93","description":"Hint for ExOR","date":"2024-10-19T21:12:00.693724","value":-3,"category":"hints","icon":null,"requirements":null,"type":"standard"},{"id":28,"user_id":3,"team_id":null,"name":"Hint 91","description":"Hint for ExOR","date":"2024-10-19T21:12:03.880255","value":-2,"category":"hints","icon":null,"requirements":null,"type":"standard"},{"id":29,"user_id":2,"team_id":null,"name":"Hint 91","description":"Hint for ExOR","date":"2024-10-19T21:15:52.714826","value":-2,"category":"hints","icon":null,"requirements":null,"type":"standard"},{"id":30,"user_id":2,"team_id":null,"name":"Hint 93","description":"Hint for ExOR","date":"2024-10-19T21:15:54.930938","value":-3,"category":"hints","icon":null,"requirements":null,"type":"standard"},{"id":31,"user_id":3,"team_id":null,"name":"Hint 112","description":"Hint for Vinaigrette Encryption","date":"2024-10-19T21:17:20.871427","value":-3,"category":"hints","icon":null,"requirements":null,"type":"standard"},{"id":32,"user_id":3,"team_id":null,"name":"Hint 111","description":"Hint for Vinaigrette Encryption","date":"2024-10-19T21:17:23.380301","value":-2,"category":"hints","icon":null,"requirements":null,"type":"standard"},{"id":33,"user_id":2,"team_id":null,"name":"Hint 94","description":"Hint for ExOR","date":"2024-10-19T21:17:43.151128","value":-4,"category":"hints","icon":null,"requirements":null,"type":"standard"},{"id":34,"user_id":2,"team_id":null,"name":"Hint 76","description":"Hint for Hidden Messages","date":"2024-10-19T21:22:58.070867","value":-1,"category":"hints","icon":null,"requirements":null,"type":"standard"},{"id":35,"user_id":3,"team_id":null,"name":"Hint 144","description":"Hint for Web App, Attack! 2","date":"2024-10-19T21:23:33.804341","value":-5,"category":"hints","icon":null,"requirements":null,"type":"standard"},{"id":36,"user_id":3,"team_id":null,"name":"Hint 143","description":"Hint for Web App, Attack! 2","date":"2024-10-19T21:23:36.979385","value":-1,"category":"hints","icon":null,"requirements":null,"type":"standard"},{"id":37,"user_id":3,"team_id":null,"name":"Hint 146","description":"Hint for Web App, Attack! 3","date":"2024-10-19T21:24:28.170235","value":-2,"category":"hints","icon":null,"requirements":null,"type":"standard"},{"id":38,"user_id":3,"team_id":null,"name":"Hint 145","description":"Hint for Web App, Attack! 3","date":"2024-10-19T21:24:30.159999","value":-1,"category":"hints","icon":null,"requirements":null,"type":"standard"},{"id":39,"user_id":3,"team_id":null,"name":"Hint 148","description":"Hint for Web App, Attack! 4","date":"2024-10-19T21:24:55.098427","value":-1,"category":"hints","icon":null,"requirements":null,"type":"standard"},{"id":40,"user_id":3,"team_id":null,"name":"Hint 152","description":"Hint for Web App, Attack! 6","date":"2024-10-19T21:27:13.772090","value":-2,"category":"hints","icon":null,"requirements":null,"type":"standard"},{"id":41,"user_id":3,"team_id":null,"name":"Hint 157","description":"Hint for Web App, Attack! 7","date":"2024-10-19T21:30:06.431880","value":-5,"category":"hints","icon":null,"requirements":null,"type":"standard"},{"id":42,"user_id":3,"team_id":null,"name":"Hint 155","description":"Hint for Web App, Attack! 7","date":"2024-10-19T21:30:08.101445","value":-2,"category":"hints","icon":null,"requirements":null,"type":"standard"},{"id":43,"user_id":3,"team_id":null,"name":"Hint 154","description":"Hint for Web App, Attack! 7","date":"2024-10-19T21:30:10.182335","value":-2,"category":"hints","icon":null,"requirements":null,"type":"standard"},{"id":44,"user_id":3,"team_id":null,"name":"Hint 202","description":"Hint for Exploring Blockchain & Web3 part 2: Wallets -  planting the seeds!","date":"2024-10-19T21:59:01.327305","value":-3,"category":"hints","icon":null,"requirements":null,"type":"standard"},{"id":45,"user_id":3,"team_id":null,"name":"Hint 201","description":"Hint for Exploring Blockchain & Web3 part 2: Wallets -  planting the seeds!","date":"2024-10-19T21:59:03.136086","value":-1,"category":"hints","icon":null,"requirements":null,"type":"standard"}],"meta":{}}