{"count":6,"results":[{"id":1,"type":"user","value":"CyberStrike","field_id":1,"user_id":2,"team_id":null},{"id":2,"type":"user","value":"CyberStrike","field_id":1,"user_id":3,"team_id":null},{"id":3,"type":"user","value":"CyberStrike","field_id":1,"user_id":4,"team_id":null},{"id":4,"type":"user","value":"CyberStrike","field_id":1,"user_id":5,"team_id":null},{"id":5,"type":"user","value":"CyberStrike","field_id":1,"user_id":1,"team_id":null},{"id":6,"type":"user","value":"CyberStrike","field_id":1,"user_id":6,"team_id":null}],"meta":{}}