{"count":82,"results":[{"id":5,"challenge_id":1,"user_id":3,"team_id":null},{"id":6,"challenge_id":73,"user_id":3,"team_id":null},{"id":7,"challenge_id":74,"user_id":3,"team_id":null},{"id":19,"challenge_id":76,"user_id":3,"team_id":null},{"id":21,"challenge_id":77,"user_id":3,"team_id":null},{"id":22,"challenge_id":78,"user_id":3,"team_id":null},{"id":24,"challenge_id":93,"user_id":3,"team_id":null},{"id":26,"challenge_id":94,"user_id":3,"team_id":null},{"id":28,"challenge_id":95,"user_id":3,"team_id":null},{"id":32,"challenge_id":96,"user_id":3,"team_id":null},{"id":35,"challenge_id":97,"user_id":3,"team_id":null},{"id":36,"challenge_id":98,"user_id":3,"team_id":null},{"id":37,"challenge_id":99,"user_id":3,"team_id":null},{"id":39,"challenge_id":100,"user_id":3,"team_id":null},{"id":41,"challenge_id":101,"user_id":3,"team_id":null},{"id":42,"challenge_id":102,"user_id":3,"team_id":null},{"id":43,"challenge_id":103,"user_id":3,"team_id":null},{"id":44,"challenge_id":104,"user_id":3,"team_id":null},{"id":45,"challenge_id":105,"user_id":3,"team_id":null},{"id":46,"challenge_id":106,"user_id":3,"team_id":null},{"id":47,"challenge_id":122,"user_id":3,"team_id":null},{"id":49,"challenge_id":124,"user_id":3,"team_id":null},{"id":50,"challenge_id":125,"user_id":3,"team_id":null},{"id":51,"challenge_id":11,"user_id":3,"team_id":null},{"id":52,"challenge_id":12,"user_id":3,"team_id":null},{"id":55,"challenge_id":13,"user_id":3,"team_id":null},{"id":56,"challenge_id":14,"user_id":3,"team_id":null},{"id":59,"challenge_id":15,"user_id":3,"team_id":null},{"id":60,"challenge_id":17,"user_id":3,"team_id":null},{"id":61,"challenge_id":18,"user_id":3,"team_id":null},{"id":62,"challenge_id":4,"user_id":3,"team_id":null},{"id":64,"challenge_id":5,"user_id":3,"team_id":null},{"id":65,"challenge_id":6,"user_id":3,"team_id":null},{"id":66,"challenge_id":7,"user_id":3,"team_id":null},{"id":67,"challenge_id":1,"user_id":2,"team_id":null},{"id":68,"challenge_id":11,"user_id":2,"team_id":null},{"id":69,"challenge_id":12,"user_id":2,"team_id":null},{"id":70,"challenge_id":13,"user_id":2,"team_id":null},{"id":72,"challenge_id":14,"user_id":2,"team_id":null},{"id":73,"challenge_id":15,"user_id":2,"team_id":null},{"id":76,"challenge_id":17,"user_id":2,"team_id":null},{"id":77,"challenge_id":18,"user_id":2,"team_id":null},{"id":79,"challenge_id":4,"user_id":2,"team_id":null},{"id":81,"challenge_id":5,"user_id":2,"team_id":null},{"id":82,"challenge_id":6,"user_id":2,"team_id":null},{"id":83,"challenge_id":7,"user_id":2,"team_id":null},{"id":84,"challenge_id":8,"user_id":3,"team_id":null},{"id":85,"challenge_id":8,"user_id":2,"team_id":null},{"id":92,"challenge_id":10,"user_id":2,"team_id":null},{"id":93,"challenge_id":10,"user_id":3,"team_id":null},{"id":94,"challenge_id":16,"user_id":3,"team_id":null},{"id":95,"challenge_id":16,"user_id":2,"team_id":null},{"id":96,"challenge_id":107,"user_id":3,"team_id":null},{"id":97,"challenge_id":107,"user_id":2,"team_id":null},{"id":98,"challenge_id":121,"user_id":2,"team_id":null},{"id":99,"challenge_id":126,"user_id":2,"team_id":null},{"id":100,"challenge_id":121,"user_id":3,"team_id":null},{"id":101,"challenge_id":134,"user_id":3,"team_id":null},{"id":102,"challenge_id":135,"user_id":3,"team_id":null},{"id":103,"challenge_id":136,"user_id":3,"team_id":null},{"id":104,"challenge_id":137,"user_id":3,"team_id":null},{"id":105,"challenge_id":138,"user_id":3,"team_id":null},{"id":106,"challenge_id":139,"user_id":3,"team_id":null},{"id":108,"challenge_id":134,"user_id":2,"team_id":null},{"id":109,"challenge_id":135,"user_id":2,"team_id":null},{"id":110,"challenge_id":136,"user_id":2,"team_id":null},{"id":111,"challenge_id":137,"user_id":2,"team_id":null},{"id":112,"challenge_id":138,"user_id":2,"team_id":null},{"id":113,"challenge_id":140,"user_id":3,"team_id":null},{"id":114,"challenge_id":141,"user_id":3,"team_id":null},{"id":121,"challenge_id":142,"user_id":3,"team_id":null},{"id":122,"challenge_id":143,"user_id":3,"team_id":null},{"id":123,"challenge_id":1,"user_id":1,"team_id":null},{"id":125,"challenge_id":21,"user_id":3,"team_id":null},{"id":126,"challenge_id":155,"user_id":3,"team_id":null},{"id":127,"challenge_id":156,"user_id":3,"team_id":null},{"id":128,"challenge_id":157,"user_id":3,"team_id":null},{"id":129,"challenge_id":158,"user_id":3,"team_id":null},{"id":130,"challenge_id":159,"user_id":3,"team_id":null},{"id":131,"challenge_id":160,"user_id":3,"team_id":null},{"id":132,"challenge_id":161,"user_id":3,"team_id":null},{"id":133,"challenge_id":72,"user_id":3,"team_id":null}],"meta":{}}