{"count":23,"results":[{"id":1,"challenge_id":114,"value":"beta"},{"id":2,"challenge_id":120,"value":"beta"},{"id":3,"challenge_id":121,"value":"beta"},{"id":4,"challenge_id":126,"value":"beta"},{"id":5,"challenge_id":127,"value":"beta"},{"id":6,"challenge_id":129,"value":"beta"},{"id":7,"challenge_id":130,"value":"beta"},{"id":8,"challenge_id":131,"value":"beta"},{"id":9,"challenge_id":117,"value":"beta"},{"id":10,"challenge_id":118,"value":"beta"},{"id":11,"challenge_id":119,"value":"beta"},{"id":12,"challenge_id":111,"value":"beta"},{"id":13,"challenge_id":112,"value":"beta"},{"id":14,"challenge_id":115,"value":"beta"},{"id":15,"challenge_id":133,"value":"beta"},{"id":16,"challenge_id":151,"value":"beta"},{"id":17,"challenge_id":132,"value":"beta"},{"id":18,"challenge_id":128,"value":"beta"},{"id":19,"challenge_id":149,"value":"beta"},{"id":20,"challenge_id":150,"value":"beta"},{"id":21,"challenge_id":153,"value":"beta"},{"id":22,"challenge_id":116,"value":"beta"},{"id":24,"challenge_id":154,"value":"beta"}],"meta":{}}