{"count":45,"results":[{"id":1,"user_id":2,"team_id":null,"target":128,"date":"2024-09-11T07:23:27.982954","type":"hints"},{"id":2,"user_id":2,"team_id":null,"target":129,"date":"2024-09-11T07:25:48.152373","type":"hints"},{"id":3,"user_id":2,"team_id":null,"target":139,"date":"2024-09-11T07:51:00.338307","type":"hints"},{"id":4,"user_id":2,"team_id":null,"target":140,"date":"2024-09-11T07:51:05.621962","type":"hints"},{"id":5,"user_id":3,"team_id":null,"target":20,"date":"2024-10-19T20:11:01.710587","type":"hints"},{"id":6,"user_id":3,"team_id":null,"target":26,"date":"2024-10-19T20:17:03.726922","type":"hints"},{"id":7,"user_id":3,"team_id":null,"target":31,"date":"2024-10-19T20:20:33.373231","type":"hints"},{"id":8,"user_id":3,"team_id":null,"target":7,"date":"2024-10-19T20:26:43.078759","type":"hints"},{"id":9,"user_id":3,"team_id":null,"target":8,"date":"2024-10-19T20:26:47.586194","type":"hints"},{"id":10,"user_id":3,"team_id":null,"target":10,"date":"2024-10-19T20:28:10.595259","type":"hints"},{"id":11,"user_id":3,"team_id":null,"target":11,"date":"2024-10-19T20:28:13.795554","type":"hints"},{"id":12,"user_id":2,"team_id":null,"target":25,"date":"2024-10-19T20:40:56.424636","type":"hints"},{"id":13,"user_id":2,"team_id":null,"target":26,"date":"2024-10-19T20:42:26.917250","type":"hints"},{"id":14,"user_id":2,"team_id":null,"target":31,"date":"2024-10-19T20:47:15.307214","type":"hints"},{"id":15,"user_id":2,"team_id":null,"target":7,"date":"2024-10-19T20:48:27.355430","type":"hints"},{"id":16,"user_id":2,"team_id":null,"target":8,"date":"2024-10-19T20:48:35.538505","type":"hints"},{"id":17,"user_id":3,"team_id":null,"target":216,"date":"2024-10-19T20:48:38.868218","type":"hints"},{"id":18,"user_id":2,"team_id":null,"target":10,"date":"2024-10-19T20:50:56.488746","type":"hints"},{"id":19,"user_id":2,"team_id":null,"target":11,"date":"2024-10-19T20:50:58.619448","type":"hints"},{"id":20,"user_id":2,"team_id":null,"target":13,"date":"2024-10-19T20:53:10.260657","type":"hints"},{"id":21,"user_id":2,"team_id":null,"target":14,"date":"2024-10-19T20:53:12.033146","type":"hints"},{"id":22,"user_id":2,"team_id":null,"target":216,"date":"2024-10-19T20:56:54.329085","type":"hints"},{"id":23,"user_id":3,"team_id":null,"target":19,"date":"2024-10-19T21:09:23.184700","type":"hints"},{"id":24,"user_id":3,"team_id":null,"target":28,"date":"2024-10-19T21:10:05.889611","type":"hints"},{"id":25,"user_id":2,"team_id":null,"target":28,"date":"2024-10-19T21:11:21.476017","type":"hints"},{"id":26,"user_id":3,"team_id":null,"target":94,"date":"2024-10-19T21:11:56.731338","type":"hints"},{"id":27,"user_id":3,"team_id":null,"target":93,"date":"2024-10-19T21:12:00.692024","type":"hints"},{"id":28,"user_id":3,"team_id":null,"target":91,"date":"2024-10-19T21:12:03.878400","type":"hints"},{"id":29,"user_id":2,"team_id":null,"target":91,"date":"2024-10-19T21:15:52.712125","type":"hints"},{"id":30,"user_id":2,"team_id":null,"target":93,"date":"2024-10-19T21:15:54.929223","type":"hints"},{"id":31,"user_id":3,"team_id":null,"target":112,"date":"2024-10-19T21:17:20.869689","type":"hints"},{"id":32,"user_id":3,"team_id":null,"target":111,"date":"2024-10-19T21:17:23.378585","type":"hints"},{"id":33,"user_id":2,"team_id":null,"target":94,"date":"2024-10-19T21:17:43.149378","type":"hints"},{"id":34,"user_id":2,"team_id":null,"target":76,"date":"2024-10-19T21:22:58.067831","type":"hints"},{"id":35,"user_id":3,"team_id":null,"target":144,"date":"2024-10-19T21:23:33.802566","type":"hints"},{"id":36,"user_id":3,"team_id":null,"target":143,"date":"2024-10-19T21:23:36.977501","type":"hints"},{"id":37,"user_id":3,"team_id":null,"target":146,"date":"2024-10-19T21:24:28.168478","type":"hints"},{"id":38,"user_id":3,"team_id":null,"target":145,"date":"2024-10-19T21:24:30.158223","type":"hints"},{"id":39,"user_id":3,"team_id":null,"target":148,"date":"2024-10-19T21:24:55.095094","type":"hints"},{"id":40,"user_id":3,"team_id":null,"target":152,"date":"2024-10-19T21:27:13.770352","type":"hints"},{"id":41,"user_id":3,"team_id":null,"target":157,"date":"2024-10-19T21:30:06.430175","type":"hints"},{"id":42,"user_id":3,"team_id":null,"target":155,"date":"2024-10-19T21:30:08.099701","type":"hints"},{"id":43,"user_id":3,"team_id":null,"target":154,"date":"2024-10-19T21:30:10.180598","type":"hints"},{"id":44,"user_id":3,"team_id":null,"target":202,"date":"2024-10-19T21:59:01.325564","type":"hints"},{"id":45,"user_id":3,"team_id":null,"target":201,"date":"2024-10-19T21:59:03.132746","type":"hints"}],"meta":{}}