{"count":6,"results":[{"id":1,"oauth_id":null,"name":"ctfadmin","password":"$bcrypt-sha256$v=2,t=2b,r=12$MPvCkwEV/G15/TFH4.FoQ.$UZ1Iu1qSA7ji3S5HjoNO/SBaiJJcX3e","email":"info@cyberike.com","type":"admin","secret":null,"website":null,"affiliation":"CyberStrike","country":null,"hidden":1,"banned":0,"verified":1,"team_id":null,"created":"2024-09-02T00:40:19.185167","language":null,"bracket_id":null},{"id":2,"oauth_id":null,"name":"spiritstep","password":"$bcrypt-sha256$v=2,t=2b,r=12$GX/.gBF/8lsg311fCBqXme$nyVQg4ngcL96qzXxyruaMknqhGqGT6m","email":"elliot4@hawaii.edu","type":"admin","secret":null,"website":null,"affiliation":"CyberStrike","country":null,"hidden":1,"banned":0,"verified":1,"team_id":null,"created":"2024-09-06T03:59:01.300401","language":null,"bracket_id":null},{"id":3,"oauth_id":null,"name":"ogdev","password":"$bcrypt-sha256$v=2,t=2b,r=12$aIJpI82TQpqXPk3HOfliIu$XJd92tqHVttZiq4uF7gdUIEmd.dqPle","email":"orlando.galindo.edu@gmail.com","type":"admin","secret":null,"website":null,"affiliation":"CyberStrike","country":null,"hidden":1,"banned":0,"verified":1,"team_id":null,"created":"2024-09-07T20:00:02.494092","language":null,"bracket_id":null},{"id":4,"oauth_id":null,"name":"Sarara","password":"$bcrypt-sha256$v=2,t=2b,r=12$btsw5X3/6XghsZLwkGVVwu$1TOCwOnS3Me4mn8TNFJcJm6PJpsfnm6","email":"sara@cyberike.com","type":"admin","secret":null,"website":null,"affiliation":"CyberStrike","country":null,"hidden":1,"banned":0,"verified":1,"team_id":null,"created":"2024-09-18T22:03:05.621989","language":null,"bracket_id":null},{"id":5,"oauth_id":null,"name":"Manny","password":"$bcrypt-sha256$v=2,t=2b,r=12$He7JkZRr0NC3rr.FOTT6te$xbRLe/TiKaa7idJl1Ttn2bBg7QsJ/nm","email":"manny@cyberike.com","type":"admin","secret":null,"website":null,"affiliation":"CyberStrike","country":null,"hidden":1,"banned":0,"verified":1,"team_id":null,"created":"2024-09-28T20:58:55.700242","language":null,"bracket_id":null},{"id":6,"oauth_id":null,"name":"Vincent","password":"$bcrypt-sha256$v=2,t=2b,r=12$tGMj7EeyF5I8OXCOV7pW0e$wzrXGH37Oeed6CN8Exm3XJgdWCZeq4C","email":"vincent@cyberike.com","type":"admin","secret":null,"website":null,"affiliation":"CyberStrike","country":null,"hidden":1,"banned":0,"verified":1,"team_id":null,"created":"2024-10-19T19:28:10.378437","language":null,"bracket_id":null}],"meta":{}}